,best,avg
0,0,0.0
1,1433,1264.625
2,1433,1343.75
3,1440,1342.25
4,1440,1278.625
5,1440,1281.375
6,1440,1260.625
7,1440,1228.875
8,1447,1298.0
9,1447,1322.625
10,1447,1379.375
11,1447,1322.0
12,1447,1212.625
13,1447,1332.875
14,1447,1312.75
15,1447,1258.0
16,1447,1313.5
17,1447,1291.625
18,1447,1277.375
19,1447,1221.0
20,1447,1255.75
21,1447,1298.125
22,1447,1321.75
23,1447,1307.875
24,1447,1188.0
25,1447,1138.0
26,1447,1275.25
27,1447,1272.375
28,1447,1317.375
29,1447,1367.25
30,1447,1333.5
31,1447,1358.75
32,1447,1066.25
33,1447,1094.0
34,1447,1341.875
35,1447,1351.875
36,1447,1268.0
37,1447,1237.875
38,1447,1329.375
39,1447,1312.375
40,1447,1380.875
41,1447,1356.0
42,1447,1235.625
43,1447,1229.125
44,1447,1278.5
45,1447,1254.5
46,1447,1254.75
47,1447,1314.75
48,1447,1300.625
49,1447,1327.125
50,1447,1373.75
51,1447,1370.875
52,1447,1340.875
53,1447,1215.125
54,1447,1326.875
55,1447,1372.875
56,1447,1334.875
57,1447,1356.875
58,1447,1320.625
59,1447,1215.25
60,1447,1330.375
61,1447,1240.125
62,1447,1186.375
63,1447,1249.0
64,1447,1331.625
65,1447,1362.0
66,1447,1268.75
67,1447,1190.875
68,1447,1339.25
69,1447,1254.875
70,1447,1303.375
71,1447,1360.125
72,1447,1308.25
73,1447,1372.25
74,1447,1261.0
75,1447,1241.625
76,1447,1265.625
77,1447,1235.75
78,1447,1277.875
79,1447,1166.5
80,1447,1244.125
81,1447,1143.875
82,1447,1274.0
83,1447,1317.5
84,1447,1261.625
85,1447,1130.625
86,1447,1209.5
87,1447,1189.5
88,1447,1152.625
89,1447,1128.625
90,1447,1326.625
91,1447,1391.5
92,1447,1321.0
93,1447,1353.125
94,1447,1301.125
95,1447,1323.875
96,1447,1313.5
97,1447,1355.875
98,1447,1338.625
99,1447,1270.625
100,1447,1321.125
101,1447,1305.0
102,1447,1249.875
103,1447,1369.375
104,1447,1281.625
105,1447,1210.125
106,1447,1207.25
107,1447,1256.0
108,1447,1299.5
109,1447,1185.375
110,1447,1208.25
111,1447,1263.625
112,1447,1327.0
113,1447,1346.5
114,1447,1323.125
115,1447,1337.25
116,1447,1303.5
117,1447,1223.875
118,1447,1300.125
119,1447,1311.0
120,1447,1292.625
121,1447,1230.625
122,1447,1345.625
123,1447,1251.125
124,1447,1279.75
125,1447,1337.5
126,1447,1242.125
127,1447,1303.5
128,1447,1281.75
129,1447,1294.0
130,1447,1313.25
131,1447,1293.25
132,1447,1315.375
133,1447,1260.875
134,1447,1268.5
135,1447,1392.375
136,1447,1361.875
137,1447,1186.625
138,1447,1347.25
139,1447,1298.375
140,1447,1216.75
141,1447,1328.5
142,1447,1251.375
143,1447,1271.625
144,1447,1198.375
145,1447,1366.5
146,1447,1336.625
147,1447,1246.375
148,1447,1262.875
149,1447,1261.0
150,1447,1243.5
151,1449,1245.5
152,1449,1313.25
153,1449,1350.375
154,1449,1283.0
155,1449,1310.875
156,1449,1252.875
157,1449,1346.0
158,1449,1291.0
159,1449,1297.625
160,1449,1125.875
161,1449,1164.875
162,1449,1256.375
163,1449,1151.25
164,1449,1327.625
165,1449,1261.75
166,1449,1125.5
167,1449,1250.125
168,1449,1317.25
169,1449,1363.375
170,1449,1288.25
171,1449,1239.25
172,1449,1329.5
173,1449,1282.375
174,1449,1360.75
175,1449,1333.875
176,1449,1281.25
177,1449,1242.25
178,1449,1293.5
179,1449,1272.25
180,1449,1227.25
181,1449,1356.25
182,1449,1285.625
183,1449,1319.0
184,1449,1241.25
185,1449,1282.875
186,1449,1184.125
187,1453,1295.125
188,1453,1276.625
189,1453,1380.125
190,1453,1217.625
191,1453,1219.375
192,1453,1374.125
193,1453,1293.625
194,1453,1232.75
195,1453,1107.625
196,1453,1253.375
197,1453,1300.0
198,1453,1271.25
199,1453,1307.625
200,1453,1292.125
201,1453,1300.625
202,1453,1331.375
203,1453,1349.125
204,1453,1303.0
205,1453,1189.625
206,1453,1231.125
207,1453,1226.625
208,1453,1267.75
209,1453,1221.625
210,1453,1334.25
211,1453,1239.625
212,1453,1190.5
213,1453,1330.5
214,1453,1327.625
215,1453,1157.625
216,1453,1352.5
217,1453,1314.875
218,1453,1239.625
219,1453,1294.0
220,1453,1343.5
221,1453,1263.125
222,1453,1283.375
223,1453,1240.75
224,1453,1356.625
225,1453,1260.5
226,1453,1250.125
227,1453,1170.125
228,1453,1292.875
229,1453,1215.25
230,1453,1311.875
231,1453,1148.5
232,1453,1192.5
233,1453,1214.0
234,1453,1298.625
235,1453,1357.0
236,1453,1295.5
237,1453,1354.375
238,1453,1279.25
239,1453,1271.0
240,1453,1250.125
241,1453,1257.5
242,1453,1249.25
243,1453,1305.375
244,1453,1379.125
245,1453,1203.5
246,1453,1297.625
247,1453,1239.25
248,1453,1318.625
249,1453,1171.125
250,1453,1225.875
251,1453,1137.5
252,1453,1195.5
253,1453,1237.625
254,1453,1152.75
255,1453,1307.0
256,1453,1309.125
257,1453,1247.125
258,1453,1298.0
259,1453,1218.5
260,1453,1196.0
261,1453,1279.375
262,1453,1381.625
263,1453,1331.125
264,1453,1342.5
265,1453,1221.25
266,1453,1249.25
267,1453,1369.75
268,1453,1364.75
269,1453,1355.125
270,1453,1378.75
271,1453,1206.125
272,1453,1223.375
273,1453,1189.0
274,1453,1199.125
275,1453,1323.875
276,1453,1320.625
277,1453,1307.25
278,1453,1337.75
279,1453,1293.125
280,1453,1331.625
281,1453,1315.5
282,1453,1365.875
283,1453,1252.0
284,1453,1277.0
285,1453,1327.0
286,1453,1182.75
287,1453,1152.625
288,1453,1119.875
289,1453,1253.375
290,1453,1180.875
291,1453,1258.625
292,1453,1086.875
293,1453,1175.0
294,1453,1389.125
295,1453,1248.0
296,1453,1251.0
297,1453,1223.125
298,1453,1354.25
299,1453,1374.5
300,1453,1339.125
301,1453,1378.5
302,1453,1206.625
303,1453,1256.0
304,1453,1359.5
305,1453,1331.875
306,1453,1184.5
307,1453,1320.125
308,1453,1296.75
309,1453,1333.875
310,1453,1211.75
311,1453,1316.625
312,1453,1321.125
313,1453,1264.375
314,1453,1387.0
315,1453,1294.0
316,1453,1237.75
317,1453,1230.0
318,1453,1402.125
319,1453,1265.625
320,1453,1352.75
321,1453,1293.125
322,1453,1280.5
323,1453,1294.5
324,1453,1308.625
325,1453,1387.875
326,1453,1372.25
327,1453,1309.625
328,1453,1376.125
329,1453,1311.25
330,1453,1306.125
331,1453,1271.125
332,1453,1310.125
333,1453,1165.25
334,1453,1258.25
335,1453,1342.5
336,1453,1286.375
337,1453,1305.375
338,1453,1253.0
339,1453,1325.0
340,1453,1333.25
341,1453,1249.125
342,1453,1315.875
343,1453,1343.375
344,1453,1244.125
345,1453,1257.125
346,1453,1325.25
347,1453,1224.875
348,1453,1343.75
349,1453,1380.5
350,1453,1308.375
351,1453,1301.375
352,1453,1174.75
353,1453,1146.125
354,1453,1200.25
355,1453,1343.875
356,1453,1318.5
357,1453,1346.125
358,1453,1345.875
359,1453,1374.375
360,1453,1378.5
361,1453,1289.875
362,1453,1261.5
363,1453,1308.75
364,1453,1211.5
365,1453,1181.625
366,1453,1293.125
367,1453,1234.5
368,1453,1211.375
369,1453,1171.25
370,1453,1348.875
371,1453,1372.0
372,1453,1299.875
373,1453,1267.375
374,1453,1335.25
375,1453,1286.625
376,1453,1329.625
377,1453,1271.25
378,1453,1310.25
379,1453,1287.125
380,1453,1216.375
381,1453,1198.125
382,1453,1258.625
383,1453,1085.0
384,1453,1245.5
385,1453,1308.125
386,1453,1242.375
387,1453,1264.0
388,1453,1214.5
389,1453,1345.875
390,1453,1375.625
391,1453,1332.625
392,1453,1327.25
393,1453,1335.125
394,1453,1287.5
395,1453,1168.0
396,1453,1319.625
397,1453,1317.0
398,1453,1283.0
399,1453,1116.875
400,1453,1157.875
401,1453,1195.125
402,1453,1192.875
403,1453,1341.625
404,1453,1388.375
405,1453,1389.0
406,1453,1334.75
407,1453,1361.75
408,1453,1382.75
409,1453,1288.0
410,1453,1159.875
411,1453,1197.0
412,1453,1218.125
413,1453,1294.5
414,1453,1332.25
415,1453,1200.125
416,1453,1295.0
417,1453,1234.0
418,1453,1149.0
419,1453,1234.75
420,1453,1254.375
421,1453,1340.0
422,1453,1354.125
423,1453,1303.25
424,1453,1331.625
425,1453,1279.875
426,1453,1325.375
427,1453,1363.375
428,1453,1406.125
429,1453,1289.625
430,1453,1390.0
431,1453,1377.25
432,1453,1340.75
433,1453,1252.75
434,1453,1342.0
435,1453,1315.5
436,1453,1248.125
437,1453,1273.375
438,1453,1241.625
439,1453,1266.125
440,1453,1350.25
441,1453,1260.625
442,1453,1211.25
443,1453,1400.625
444,1453,1308.125
445,1453,1368.5
446,1453,1316.0
447,1453,1307.5
448,1453,1329.0
449,1453,1317.75
450,1453,1225.75
451,1453,1172.25
452,1453,1361.625
453,1453,1316.875
454,1453,1371.375
455,1453,1363.875
456,1453,1244.75
457,1453,1297.5
458,1453,1299.25
459,1453,1254.375
460,1453,1323.625
461,1453,1349.875
462,1453,1331.5
463,1453,1265.25
464,1453,1258.625
465,1453,1314.75
466,1453,1067.875
467,1453,1154.0
468,1453,1233.25
469,1453,1241.625
470,1453,1212.5
471,1453,1164.625
472,1453,1195.125
473,1453,1265.75
474,1453,1309.875
475,1453,1311.625
476,1453,1250.125
477,1453,1119.375
478,1453,1307.25
479,1453,1064.25
480,1453,1269.125
481,1453,1266.5
482,1453,1314.625
483,1453,1412.5
484,1453,1256.0
485,1453,1271.75
486,1453,1300.125
487,1453,1192.125
488,1453,1355.125
489,1453,1389.625
490,1453,1302.75
491,1453,1389.125
492,1453,1401.75
493,1453,1288.75
494,1453,1408.0
495,1453,1341.875
496,1453,1307.375
497,1453,1219.75
498,1453,1132.5
499,1453,1332.75
500,1453,1311.875
501,1453,1291.125
502,1453,1336.5
503,1453,1355.125
504,1453,1341.375
505,1453,1316.375
506,1453,1266.625
507,1453,1281.875
508,1453,1285.5
509,1453,1227.25
510,1453,1217.25
511,1453,1230.25
512,1453,1312.75
513,1453,1310.5
514,1453,1260.5
515,1453,1234.375
516,1453,1356.25
517,1453,1270.25
518,1453,1316.875
519,1453,1305.875
520,1453,1178.25
521,1453,1283.5
522,1453,1252.875
523,1453,1291.5
524,1453,1264.25
525,1453,1130.25
526,1453,1075.875
527,1453,1090.25
528,1453,1191.25
529,1453,1266.875
530,1453,1271.125
531,1453,1337.75
532,1453,1253.125
533,1453,1309.125
534,1453,1339.75
535,1453,1323.875
536,1453,1324.375
537,1453,1337.875
538,1453,1312.5
539,1453,1226.875
540,1453,1292.25
541,1453,1236.25
542,1453,1235.25
543,1453,1251.25
544,1453,1262.75
545,1453,1144.375
546,1453,1297.75
547,1453,1214.0
548,1453,1291.875
549,1453,1187.25
550,1453,1213.75
551,1453,1228.0
552,1453,1278.125
553,1453,1349.625
554,1453,1389.125
555,1453,1318.375
556,1453,1190.5
557,1453,1353.25
558,1453,1188.125
559,1453,1214.5
560,1453,1342.625
561,1453,1309.875
562,1453,1240.25
563,1453,1358.5
564,1453,1259.125
565,1453,1350.0
566,1453,1169.75
567,1453,1298.5
568,1453,1422.625
569,1453,1320.75
570,1453,1359.875
571,1453,1285.0
572,1453,1211.125
573,1453,1206.875
574,1453,1249.375
575,1453,1313.5
576,1453,1369.0
577,1453,1268.5
578,1453,1177.375
579,1453,1360.875
580,1453,1311.0
581,1453,1291.375
582,1453,1254.25
583,1453,1210.125
584,1453,1224.5
585,1453,1285.75
586,1453,1279.125
587,1453,1235.125
588,1453,1343.125
589,1453,1373.25
590,1453,1326.125
591,1453,1284.625
592,1453,1278.625
593,1453,1339.25
594,1453,1305.875
595,1453,1160.375
596,1453,1210.125
597,1453,1263.75
598,1453,1319.875
599,1453,1195.875
600,1453,1261.25
601,1453,1346.125
602,1453,1320.625
603,1453,1295.875
604,1453,1311.25
605,1453,1341.125
606,1453,1335.0
607,1453,1272.75
608,1453,1371.375
609,1453,1279.25
610,1453,1328.75
611,1453,1247.375
612,1453,1281.125
613,1453,1240.0
614,1453,1291.125
615,1453,1320.125
616,1453,1318.0
617,1453,1374.5
618,1453,1328.625
619,1453,1334.75
620,1453,1337.25
621,1453,1270.375
622,1453,1342.875
623,1453,1348.0
624,1453,1323.875
625,1453,1339.125
626,1453,1202.25
627,1453,1273.75
628,1453,1330.625
629,1453,1332.75
630,1453,1259.125
631,1453,1163.375
632,1453,1291.25
633,1453,1358.75
634,1453,1352.75
635,1453,1379.0
636,1453,1324.125
637,1453,1347.25
638,1453,1325.0
639,1453,1251.0
640,1453,1337.375
641,1453,1268.75
642,1453,1219.125
643,1453,1142.125
644,1453,1232.375
645,1453,1184.125
646,1453,1323.875
647,1453,1273.0
648,1453,1261.125
649,1453,1187.5
650,1453,1139.5
651,1453,1156.0
652,1453,1178.5
653,1453,1255.25
654,1453,1235.5
655,1453,1329.5
656,1453,1230.25
657,1453,1358.625
658,1453,1342.0
659,1453,1163.875
660,1453,1402.25
661,1453,1314.25
662,1453,1250.125
663,1453,1269.125
664,1453,1324.25
665,1453,1244.125
666,1453,1279.0
667,1453,1304.25
668,1453,1345.625
669,1453,1278.75
670,1453,1250.125
671,1453,1192.75
672,1453,1300.5
673,1453,1299.75
674,1453,1275.25
675,1453,1256.875
676,1453,1328.75
677,1453,1268.625
678,1453,1244.5
679,1453,1315.5
680,1453,1251.375
681,1453,1221.875
682,1453,1298.375
683,1453,1360.875
684,1453,1269.5
685,1453,1249.75
686,1453,1326.25
687,1453,1265.625
688,1453,1253.625
689,1453,1243.75
690,1453,1378.375
691,1453,1380.375
692,1453,1289.625
693,1453,1193.375
694,1453,1323.75
695,1453,1276.875
696,1453,1359.75
697,1453,1365.75
698,1453,1351.5
699,1453,1202.25
700,1453,1274.375
701,1453,1351.625
702,1453,1396.25
703,1453,1367.25
704,1453,1392.5
705,1453,1386.5
706,1453,1259.125
707,1453,1327.5
708,1453,1291.0
709,1453,1275.0
710,1453,1209.25
711,1453,1289.0
712,1453,1402.75
713,1453,1358.625
714,1453,1350.25
715,1453,1380.75
716,1453,1307.125
717,1453,1297.625
718,1453,1199.875
719,1453,1296.25
720,1453,1309.0
721,1453,1384.5
722,1453,1281.125
723,1453,1283.125
724,1453,1317.125
725,1453,1268.875
726,1453,1277.0
727,1453,1256.375
728,1453,1195.375
729,1453,1260.75
730,1453,1239.0
731,1453,1200.125
732,1453,1268.0
733,1453,1277.125
734,1453,1324.875
735,1453,1304.25
736,1453,1365.875
737,1453,1364.375
738,1453,1261.25
739,1453,1320.25
740,1453,1315.5
741,1453,1291.25
742,1453,1221.125
743,1453,1196.0
744,1453,1152.75
745,1453,1266.0
746,1453,1286.5
747,1453,1316.0
748,1453,1385.375
749,1453,1346.625
750,1453,1362.75
751,1453,1352.25
752,1453,1332.5
753,1453,1122.5
754,1453,1311.375
755,1453,1333.375
756,1453,1315.375
757,1453,1298.375
758,1453,1277.75
759,1453,1238.625
760,1453,1319.5
761,1453,1320.875
762,1453,1142.75
763,1453,1272.875
764,1453,1285.75
765,1453,1330.0
766,1453,1301.875
767,1453,1249.5
768,1453,1240.875
769,1453,1335.125
770,1453,1284.0
771,1453,1079.5
772,1453,1262.125
773,1453,1283.125
774,1453,1218.0
775,1453,1133.25
776,1453,1312.25
777,1453,1339.125
778,1453,1219.125
779,1453,1287.625
780,1453,1361.5
781,1453,1252.375
782,1453,1284.0
783,1453,1356.75
784,1453,1285.125
785,1453,1411.25
786,1453,1321.75
787,1453,1335.875
788,1453,1253.625
789,1453,1312.5
790,1453,1269.125
791,1453,1240.75
792,1453,1105.0
793,1453,1374.875
794,1453,1305.375
795,1453,1347.375
796,1453,1181.0
797,1453,1223.875
798,1453,1282.0
799,1453,1246.375
800,1453,1323.625
801,1453,1268.875
802,1453,1192.875
803,1453,1255.0
804,1453,1356.25
805,1453,1293.5
806,1453,1340.25
807,1453,1331.75
808,1453,1281.25
809,1453,1362.625
810,1453,1395.0
811,1453,1366.75
812,1453,1236.375
813,1453,1260.5
814,1453,1256.75
815,1453,1326.25
816,1453,1373.375
817,1453,1300.375
818,1453,1277.625
819,1453,1303.125
820,1453,1275.125
821,1453,1401.375
822,1453,1348.0
823,1453,1288.0
824,1453,1257.625
825,1453,1341.625
826,1453,1321.5
827,1453,1222.875
828,1453,1294.75
829,1453,1216.375
830,1453,1344.375
831,1453,1350.875
832,1453,1282.25
833,1453,1336.0
834,1453,1335.375
835,1453,1114.125
836,1453,1376.75
837,1453,1254.75
838,1453,1264.0
839,1453,1319.75
840,1453,1260.875
841,1453,1257.5
842,1453,1299.25
843,1453,1278.25
844,1453,1277.25
845,1453,1307.5
846,1453,1217.5
847,1453,1360.75
848,1453,1279.75
849,1453,1194.5
850,1453,1286.0
851,1453,1246.125
852,1453,1213.75
853,1453,1194.125
854,1453,1168.625
855,1453,1099.125
856,1453,1352.375
857,1453,1201.625
858,1453,1321.5
859,1453,1338.375
860,1453,1271.125
861,1453,1180.25
862,1453,1253.875
863,1453,1340.125
864,1453,1243.75
865,1453,1359.5
866,1453,1191.875
867,1453,1273.875
868,1453,1215.625
869,1453,1278.125
870,1453,1364.875
871,1453,1216.75
872,1453,1326.25
873,1453,1352.5
874,1453,1351.25
875,1453,1286.5
876,1453,1353.375
877,1453,1333.125
878,1453,1259.875
879,1453,1224.5
880,1453,1298.125
881,1453,1214.25
882,1453,1205.25
883,1453,1348.625
884,1453,1228.375
885,1453,1225.0
886,1453,1313.0
887,1453,1323.125
888,1453,1279.875
889,1453,1178.375
890,1453,1212.25
891,1453,1259.625
892,1453,1280.75
893,1453,1228.25
894,1453,1226.625
895,1453,1235.375
896,1453,1255.375
897,1453,1365.625
898,1453,1272.25
899,1453,1230.875
900,1453,1322.875
901,1453,1319.0
902,1453,1337.625
903,1453,1197.25
904,1453,1194.75
905,1453,1155.75
906,1453,1263.875
907,1453,1359.375
908,1453,1214.5
909,1453,1265.625
910,1453,1290.0
911,1453,1301.875
912,1453,1373.5
913,1453,1330.875
914,1453,1330.625
915,1453,1270.875
916,1453,1318.125
917,1453,1248.5
918,1453,1284.25
919,1453,1277.625
920,1453,1388.625
921,1453,1312.125
922,1453,1329.0
923,1453,1395.875
924,1453,1386.125
925,1453,1363.25
926,1453,1371.125
927,1453,1303.375
928,1453,1337.125
929,1453,1306.875
930,1453,1302.625
931,1453,1345.625
932,1453,1297.75
933,1453,1321.0
934,1453,1351.125
935,1453,1328.875
936,1453,1365.625
937,1453,1345.125
938,1453,1207.375
939,1453,1172.875
940,1453,1203.125
941,1453,1240.75
942,1453,1309.375
943,1453,1358.625
944,1453,1362.375
945,1453,1384.375
946,1453,1349.625
947,1453,1295.125
948,1453,1194.5
949,1453,1314.25
950,1453,1335.5
951,1453,1298.875
952,1453,1318.5
953,1453,1354.875
954,1453,1247.375
955,1453,1242.0
956,1453,1306.125
957,1453,1291.0
958,1453,1317.25
959,1453,1359.375
960,1453,1276.25
961,1453,1246.375
962,1453,1212.75
963,1453,1349.25
964,1453,1364.75
965,1453,1383.125
966,1453,1223.125
967,1453,1180.125
968,1453,1334.875
969,1453,1355.0
970,1453,1337.125
971,1453,1363.5
972,1453,1269.625
973,1453,1278.0
974,1453,1183.375
975,1453,1228.75
976,1453,1328.125
977,1453,1269.25
978,1453,1344.5
979,1453,1234.375
980,1453,1203.75
981,1453,1187.375
982,1453,1273.75
983,1453,1168.75
984,1453,1154.125
985,1453,1225.75
986,1453,1168.0
987,1453,1119.75
988,1453,1258.875
989,1453,1223.625
990,1453,1287.625
991,1453,1184.0
992,1453,1294.75
993,1453,1285.875
994,1453,1254.0
995,1453,1054.625
996,1453,1237.625
997,1453,1277.0
998,1453,1253.625
999,1453,1241.625
1000,1453,1285.125
1001,1453,1313.25
1002,1453,1271.875
1003,1453,1371.25
1004,1453,1374.875
1005,1453,1274.125
1006,1453,1206.125
1007,1453,1240.625
1008,1453,1298.75
1009,1453,1325.375
1010,1453,1381.25
1011,1453,1321.875
1012,1453,1333.5
1013,1453,1353.25
1014,1453,1324.75
1015,1453,1319.75
1016,1453,1291.375
1017,1453,1320.125
1018,1453,1266.75
1019,1453,1308.0
1020,1453,1365.875
1021,1453,1301.375
1022,1453,1331.0
1023,1453,1197.25
1024,1453,1059.75
1025,1453,1141.0
1026,1453,1247.125
1027,1453,1365.5
1028,1453,1294.5
1029,1453,1316.875
1030,1453,1311.0
1031,1453,1256.875
1032,1453,1269.875
1033,1453,1365.25
1034,1453,1313.0
1035,1453,1324.25
1036,1453,1343.375
1037,1453,1280.5
1038,1453,1318.875
1039,1453,1236.625
1040,1453,1342.125
1041,1453,1312.875
1042,1453,1240.0
1043,1453,1345.25
1044,1453,1324.75
1045,1453,1263.625
1046,1453,1272.0
1047,1453,1354.125
1048,1453,1323.5
1049,1453,1320.625
1050,1453,1317.5
1051,1453,1304.5
1052,1453,1278.375
1053,1453,1194.875
1054,1453,1201.375
1055,1453,1345.375
1056,1453,1308.125
1057,1453,1242.375
1058,1453,1380.625
1059,1453,1366.875
1060,1453,1280.875
1061,1453,1244.125
1062,1453,1284.875
1063,1453,1270.75
1064,1453,1367.875
1065,1453,1253.125
1066,1453,1237.875
1067,1453,1331.125
1068,1453,1285.375
1069,1453,1320.875
1070,1453,1276.5
1071,1453,1330.125
1072,1453,1296.75
1073,1453,1360.25
1074,1453,1135.5
1075,1453,1258.5
1076,1453,1280.625
1077,1453,1330.25
1078,1453,1256.625
1079,1453,1244.25
1080,1453,1331.5
1081,1453,1174.125
1082,1453,1310.75
1083,1453,1297.125
1084,1453,1383.25
1085,1453,1287.0
1086,1453,1352.125
1087,1453,1329.0
1088,1453,1228.25
1089,1453,1283.0
1090,1453,1244.75
1091,1453,1344.375
1092,1453,1357.5
1093,1453,1198.375
1094,1453,1272.25
1095,1453,1344.875
1096,1453,1393.875
1097,1453,1314.75
1098,1453,1302.5
1099,1453,1185.5
1100,1453,1213.5
1101,1453,1128.25
1102,1453,1008.875
1103,1453,1257.5
1104,1453,1287.25
1105,1453,1258.625
1106,1453,1238.25
1107,1453,1318.625
1108,1453,1236.0
1109,1453,1337.5
1110,1453,1266.125
1111,1453,1277.875
1112,1453,1162.125
1113,1453,1293.75
1114,1453,1319.625
1115,1453,1330.25
1116,1453,1337.125
1117,1453,1313.875
1118,1453,1310.625
1119,1453,1299.875
1120,1453,1295.25
1121,1453,1261.375
1122,1453,1385.5
1123,1453,1393.375
1124,1453,1269.625
1125,1453,1394.125
1126,1453,1377.125
1127,1453,1374.25
1128,1453,1248.875
1129,1453,1246.0
1130,1453,1265.625
1131,1453,1239.125
1132,1453,1352.375
1133,1453,1248.625
1134,1453,1275.625
1135,1453,1322.5
1136,1453,1339.625
1137,1453,1250.375
1138,1453,1212.25
1139,1453,1368.875
1140,1453,1322.0
1141,1453,1295.0
1142,1453,1354.625
1143,1453,1352.375
1144,1453,1312.625
1145,1453,1269.125
1146,1453,1305.25
1147,1453,1338.5
1148,1453,1231.5
1149,1453,1257.75
1150,1453,1305.625
1151,1453,1316.5
1152,1453,1327.125
1153,1453,1288.0
1154,1453,1232.5
1155,1453,1189.375
1156,1453,1183.875
1157,1453,1372.625
1158,1453,1315.375
1159,1453,1245.0
1160,1453,1368.25
1161,1453,1345.375
1162,1453,1201.0
1163,1453,1350.875
1164,1453,1356.375
1165,1453,1300.375
1166,1453,1288.875
1167,1453,1174.0
1168,1453,1140.5
1169,1453,1127.25
1170,1453,1295.625
1171,1453,1249.375
1172,1453,1328.375
1173,1453,1390.0
1174,1453,1332.5
1175,1453,1249.375
1176,1453,1226.75
1177,1453,1300.375
1178,1453,1316.25
1179,1453,1311.0
1180,1453,1222.625
1181,1453,1246.75
1182,1453,1272.75
1183,1453,1224.125
1184,1453,1138.375
1185,1453,1161.5
1186,1453,1242.75
1187,1453,1290.125
1188,1453,1279.75
1189,1453,1274.125
1190,1453,1320.125
1191,1453,1377.375
1192,1453,1315.125
1193,1453,1367.125
1194,1453,1348.25
1195,1453,1189.25
1196,1453,1260.625
1197,1453,1344.5
1198,1453,1258.125
1199,1453,1217.0
1200,1453,1243.0
1201,1453,1273.25
1202,1453,1231.5
1203,1453,1315.375
1204,1453,1283.5
1205,1453,1314.875
1206,1453,1277.125
1207,1453,1286.0
1208,1453,1201.25
1209,1453,1369.75
1210,1453,1119.25
1211,1453,1242.75
1212,1453,1102.25
1213,1453,1373.75
1214,1453,1222.875
1215,1453,1232.375
1216,1453,1160.875
1217,1453,1218.625
1218,1453,1276.125
1219,1453,1199.25
1220,1453,1241.625
1221,1453,1284.875
1222,1453,1256.5
1223,1453,1237.125
1224,1453,1249.125
1225,1453,1278.0
1226,1453,1175.0
1227,1453,1244.5
1228,1453,1300.125
1229,1453,1201.0
1230,1453,1176.875
1231,1453,1367.125
1232,1453,1149.0
1233,1453,1309.5
1234,1453,1311.375
1235,1453,1391.75
1236,1453,1286.375
1237,1453,1322.5
1238,1453,1365.625
1239,1453,1268.625
1240,1453,1339.5
1241,1453,1311.5
1242,1453,1165.375
1243,1453,1254.25
1244,1453,1221.125
1245,1453,1323.875
1246,1453,1305.375
1247,1453,1351.125
1248,1453,1282.125
1249,1453,1340.5
1250,1453,1330.625
1251,1453,1330.25
1252,1453,1254.5
1253,1453,1334.875
1254,1453,1235.125
1255,1453,1268.875
1256,1453,1248.5
1257,1453,1370.0
1258,1453,1288.125
1259,1453,1338.875
1260,1453,1315.75
1261,1453,1363.25
1262,1453,1335.0
1263,1453,1294.75
1264,1453,1293.75
1265,1453,1289.0
1266,1453,1293.625
1267,1453,1319.875
1268,1453,1246.125
1269,1453,1363.875
1270,1453,1256.25
1271,1453,1236.875
1272,1453,1378.5
1273,1453,1323.5
1274,1453,1401.75
1275,1453,1396.375
1276,1453,1270.25
1277,1453,1311.125
1278,1453,1228.75
1279,1453,1299.5
1280,1453,1264.5
1281,1453,1204.125
1282,1453,1233.75
1283,1453,1350.875
1284,1453,1163.875
1285,1453,1331.0
1286,1453,1338.625
1287,1453,1311.125
1288,1453,1289.125
1289,1453,1253.625
1290,1453,1164.375
1291,1453,1209.625
1292,1453,1229.75
1293,1453,1212.875
1294,1453,1303.625
1295,1453,1223.375
1296,1453,1344.75
1297,1453,1346.75
1298,1453,1292.25
1299,1453,1145.0
1300,1453,1177.5
1301,1453,1359.25
1302,1453,1214.5
1303,1453,1295.5
1304,1453,1293.5
1305,1453,1217.625
1306,1453,1243.125
1307,1453,1292.75
1308,1453,1326.25
1309,1453,1307.625
1310,1453,1323.5
1311,1453,1301.5
1312,1453,1219.5
1313,1453,1180.0
1314,1453,1170.75
1315,1453,1202.875
1316,1453,1239.875
1317,1453,1271.0
1318,1453,1262.125
1319,1453,1365.25
1320,1453,1255.25
1321,1453,1244.625
1322,1453,1319.125
1323,1453,1347.0
1324,1453,1316.25
1325,1453,1228.0
1326,1453,1326.25
1327,1453,1336.5
1328,1453,1264.125
1329,1453,1216.625
1330,1453,1237.0
1331,1453,1266.625
1332,1453,1292.5
1333,1453,1351.125
1334,1453,1244.375
1335,1453,1144.5
1336,1453,1131.75
1337,1453,1311.75
1338,1453,1219.875
1339,1453,1115.5
1340,1453,1167.125
1341,1453,1187.0
1342,1453,1256.125
1343,1453,1285.25
1344,1453,1232.25
1345,1453,1260.5
1346,1453,1270.875
1347,1453,1080.625
1348,1453,1229.0
1349,1453,1248.5
1350,1453,1269.75
1351,1453,1347.375
1352,1453,1319.75
1353,1453,1315.75
1354,1453,1289.125
1355,1453,1356.5
1356,1453,1245.125
1357,1453,1342.25
1358,1453,1242.75
1359,1453,1213.5
1360,1453,1380.0
1361,1453,1285.625
1362,1453,1289.25
1363,1453,1205.0
1364,1453,1199.75
1365,1453,1232.125
1366,1453,1354.25
1367,1453,1246.625
1368,1453,1311.875
1369,1453,1240.375
1370,1453,1193.125
1371,1453,1226.75
1372,1453,1309.25
1373,1453,1372.25
1374,1453,1378.875
1375,1453,1254.375
1376,1453,1268.375
1377,1453,1171.5
1378,1453,1160.0
1379,1453,1265.0
1380,1453,1175.375
1381,1453,1193.5
1382,1453,1202.5
1383,1453,1236.25
1384,1453,1324.375
1385,1453,1259.875
1386,1453,1237.625
1387,1453,1236.5
1388,1453,1196.0
1389,1453,1148.875
1390,1453,1102.75
1391,1453,1112.625
1392,1453,1203.375
1393,1453,1190.125
1394,1453,1350.25
1395,1453,1123.375
1396,1453,1304.875
1397,1453,1317.0
1398,1453,1316.625
1399,1453,1196.25
1400,1453,1381.125
1401,1453,1357.0
1402,1453,1378.125
1403,1453,1335.0
1404,1453,1399.0
1405,1453,1321.5
1406,1453,1283.5
1407,1453,1236.75
1408,1453,1263.5
1409,1453,1232.625
1410,1453,1283.625
1411,1453,1238.25
1412,1453,1343.375
1413,1453,1340.25
1414,1453,1375.125
1415,1453,1344.25
1416,1453,1355.5
1417,1453,1345.875
1418,1453,1360.875
1419,1453,1357.875
1420,1453,1326.5
1421,1453,1304.25
1422,1453,1296.125
1423,1453,1317.875
1424,1453,1234.0
1425,1453,1264.375
1426,1453,1362.875
1427,1453,1235.25
1428,1453,1312.25
1429,1453,1256.25
1430,1453,1325.625
1431,1453,1182.25
1432,1453,1100.625
1433,1453,1162.5
1434,1453,1217.75
1435,1453,1204.625
1436,1453,1211.25
1437,1453,1255.875
1438,1453,1324.375
1439,1453,1266.0
1440,1453,1269.625
1441,1453,1238.875
1442,1453,1262.625
1443,1453,1260.75
1444,1453,1290.75
1445,1453,1355.5
1446,1453,1384.375
1447,1453,1249.75
1448,1453,1316.5
1449,1453,1282.75
1450,1453,1337.375
1451,1453,1276.0
1452,1453,1325.5
1453,1453,1334.25
1454,1453,1270.75
1455,1454,1234.5
1456,1454,1267.375
1457,1454,1339.5
1458,1454,1288.875
1459,1454,1318.375
1460,1454,1231.875
1461,1454,1358.75
1462,1454,1224.5
1463,1454,1257.875
1464,1454,1279.75
1465,1454,1231.875
1466,1454,1066.0
1467,1454,1283.875
1468,1454,1287.375
1469,1454,1279.25
1470,1454,1313.5
1471,1454,1358.75
1472,1454,1338.5
1473,1454,1219.375
1474,1454,1277.0
1475,1454,1354.125
1476,1454,1252.625
1477,1454,1251.5
1478,1454,1288.5
1479,1454,1315.0
1480,1454,1296.25
1481,1454,1307.25
1482,1454,1336.625
1483,1454,1369.375
1484,1454,1289.5
1485,1454,1321.0
1486,1454,1293.375
1487,1454,1205.875
1488,1454,1239.0
1489,1454,1358.375
1490,1454,1296.125
1491,1454,1225.625
1492,1454,1292.25
1493,1454,1258.0
1494,1454,1340.0
1495,1454,1358.125
1496,1454,1289.875
1497,1454,1312.875
1498,1454,1259.5
1499,1454,1330.625
1500,1454,1196.875
1501,1454,1102.625
1502,1454,1297.25
1503,1454,1337.375
1504,1454,1355.0
1505,1454,1257.875
1506,1454,1329.25
1507,1454,1301.625
1508,1454,1281.0
1509,1454,1317.0
1510,1454,1343.875
1511,1454,1282.125
1512,1454,1220.5
1513,1454,1283.625
1514,1454,1369.5
1515,1454,1333.875
1516,1454,1355.375
1517,1454,1235.75
1518,1454,1354.875
1519,1454,1206.125
1520,1454,1351.125
1521,1454,1255.25
1522,1454,1274.625
1523,1454,1239.125
1524,1454,1230.625
1525,1454,1085.125
1526,1454,1259.625
1527,1454,1187.375
1528,1454,1304.125
1529,1454,1298.625
1530,1454,1181.875
1531,1454,1190.875
1532,1454,1121.125
1533,1454,1322.375
1534,1454,1360.125
1535,1454,1382.0
1536,1454,1280.125
1537,1454,1402.75
1538,1454,1405.875
1539,1454,1297.0
1540,1454,1215.0
1541,1454,1204.25
1542,1454,1241.125
1543,1454,1264.625
1544,1454,1210.0
1545,1454,1254.5
1546,1454,1271.25
1547,1454,1267.625
1548,1454,1263.375
1549,1454,1307.5
1550,1454,1279.0
1551,1454,1295.625
1552,1454,1191.5
1553,1454,1271.875
1554,1454,1228.375
1555,1454,1290.25
1556,1454,1211.375
1557,1454,1276.875
1558,1454,1351.0
1559,1454,1350.5
1560,1454,1388.5
1561,1454,1389.25
1562,1454,1230.25
1563,1454,1322.625
1564,1454,1269.5
1565,1454,1280.125
1566,1454,1276.0
1567,1454,1269.5
1568,1454,1260.875
1569,1454,1258.375
1570,1454,1293.5
1571,1454,1202.25
1572,1454,1310.625
1573,1454,1301.375
1574,1454,1165.5
1575,1454,1229.5
1576,1454,1295.25
1577,1454,1226.25
1578,1454,1215.5
1579,1454,1224.875
1580,1454,1297.125
1581,1454,1307.5
1582,1454,1307.0
1583,1454,1235.75
1584,1454,1270.25
1585,1454,1288.625
1586,1454,1223.5
1587,1454,1184.875
1588,1454,1260.125
1589,1454,1244.25
1590,1454,1313.375
1591,1454,1232.625
1592,1454,1359.375
1593,1454,1308.125
1594,1454,1262.25
1595,1454,1382.125
1596,1454,1323.25
1597,1454,1271.25
1598,1454,1418.75
1599,1454,1320.375
1600,1454,1245.625
1601,1454,1373.75
1602,1454,1345.25
1603,1454,1160.125
1604,1454,1329.125
1605,1454,1339.125
1606,1454,1346.625
1607,1454,1245.75
1608,1454,1246.875
1609,1454,1285.0
1610,1454,1248.875
1611,1454,1271.0
1612,1454,1328.25
1613,1454,1296.25
1614,1454,1292.125
1615,1454,1266.375
1616,1454,1214.375
1617,1454,1254.75
1618,1454,1190.0
1619,1454,1225.875
1620,1454,1190.125
1621,1454,1279.5
1622,1454,1274.125
1623,1454,1350.375
1624,1454,1308.5
1625,1454,1291.25
1626,1454,1336.0
1627,1454,1283.375
1628,1454,1273.25
1629,1454,1327.875
1630,1454,1246.125
1631,1454,1285.5
1632,1454,1351.125
1633,1454,1285.5
1634,1454,1342.125
1635,1454,1314.0
1636,1454,1279.0
1637,1454,1283.25
1638,1454,1240.5
1639,1454,1286.875
1640,1454,1313.125
1641,1454,1314.375
1642,1454,1324.125
1643,1454,1305.25
1644,1454,1231.25
1645,1454,1372.5
1646,1454,1361.875
1647,1454,1255.5
1648,1454,1323.375
1649,1454,1279.875
1650,1454,1302.375
1651,1454,1302.125
1652,1454,1328.375
1653,1454,1271.875
1654,1454,1305.625
1655,1454,1253.625
1656,1454,1275.5
1657,1454,1283.875
1658,1454,1312.25
1659,1454,1261.375
1660,1454,1319.875
1661,1454,1298.625
1662,1454,1347.25
1663,1454,1303.625
1664,1454,1312.5
1665,1454,1269.375
1666,1454,1343.875
1667,1454,1194.625
1668,1454,1251.25
1669,1454,1347.75
1670,1454,1301.125
1671,1454,1303.125
1672,1454,1270.125
1673,1454,1309.25
1674,1454,1267.875
1675,1454,1401.625
1676,1454,1279.625
1677,1454,1219.625
1678,1454,1248.875
1679,1454,1199.0
1680,1454,1253.875
1681,1454,1258.625
1682,1454,1348.5
1683,1454,1267.0
1684,1454,1132.25
1685,1454,1245.0
1686,1454,1341.75
1687,1454,1301.25
1688,1454,1305.75
1689,1454,1334.25
1690,1454,1263.75
1691,1454,1369.0
1692,1454,1329.75
1693,1454,1326.5
1694,1454,1330.25
1695,1454,1323.0
1696,1454,1270.25
1697,1454,1232.5
1698,1454,1316.875
1699,1454,1151.5
1700,1454,1256.375
1701,1454,1390.125
1702,1454,1235.625
1703,1454,1249.0
1704,1454,1153.25
1705,1454,1305.875
1706,1454,1321.25
1707,1454,1338.375
1708,1454,1290.0
1709,1454,1354.5
1710,1454,1243.375
1711,1454,1297.125
1712,1454,1347.375
1713,1454,1361.75
1714,1454,1303.25
1715,1454,1304.625
1716,1454,1312.875
1717,1454,1265.25
1718,1454,1200.375
1719,1454,1239.25
1720,1454,1181.625
1721,1454,1127.0
1722,1454,1165.375
1723,1454,1225.875
1724,1454,1320.5
1725,1454,1319.375
1726,1454,1288.875
1727,1454,1256.125
1728,1454,1350.625
1729,1454,1301.5
1730,1454,1243.75
1731,1454,1185.5
1732,1454,1078.875
1733,1454,1053.5
1734,1454,1277.875
1735,1454,1313.5
1736,1454,1295.0
1737,1454,1193.5
1738,1454,1354.375
1739,1454,1243.125
1740,1454,1298.375
1741,1454,1328.375
1742,1454,1265.75
1743,1454,1241.625
1744,1454,1229.0
1745,1454,1261.125
1746,1454,1215.125
1747,1454,1312.25
1748,1454,1169.25
1749,1454,1334.625
1750,1454,1246.5
1751,1454,1313.0
1752,1454,1235.125
1753,1454,1303.625
1754,1454,1285.125
1755,1454,1273.25
1756,1454,1392.375
1757,1454,1386.875
1758,1454,1391.0
1759,1454,1371.625
1760,1454,1275.125
1761,1454,1269.125
1762,1454,1247.75
1763,1454,1335.625
1764,1454,1325.125
1765,1454,1323.625
1766,1454,1270.5
1767,1454,1377.25
1768,1454,1278.625
1769,1454,1170.5
1770,1454,1334.625
1771,1454,1349.125
1772,1454,1385.25
1773,1454,1252.375
1774,1454,1331.625
1775,1454,1305.875
1776,1454,1365.25
1777,1454,1275.875
1778,1454,1309.625
1779,1454,1308.75
1780,1454,1243.625
1781,1454,1165.875
1782,1454,1227.875
1783,1454,1285.25
1784,1454,1389.375
1785,1454,1380.375
1786,1454,1376.625
1787,1454,1298.75
1788,1454,1303.25
1789,1454,1303.125
1790,1454,1310.625
1791,1454,1308.5
1792,1454,1247.875
1793,1454,1298.5
1794,1454,1159.875
1795,1454,1348.125
1796,1454,1320.5
1797,1454,1309.5
1798,1454,1293.875
1799,1454,1324.625
1800,1454,1320.25
1801,1454,1295.0
1802,1454,1252.75
1803,1454,1340.125
1804,1454,1297.375
1805,1454,1261.625
1806,1454,1341.875
1807,1454,1273.875
1808,1454,1280.25
1809,1454,1303.125
1810,1454,1299.75
1811,1454,1261.25
1812,1454,1124.625
1813,1454,1280.625
1814,1454,1235.5
1815,1454,1190.625
1816,1454,1234.625
1817,1454,1236.0
1818,1454,1383.75
1819,1454,1308.625
1820,1454,1229.25
1821,1454,1218.875
1822,1454,1209.875
1823,1454,1236.0
1824,1454,1336.375
1825,1454,1316.875
1826,1454,1294.75
1827,1454,1175.75
1828,1454,1248.75
1829,1454,1205.75
1830,1454,1208.125
1831,1454,1317.75
1832,1454,1363.25
1833,1454,1243.25
1834,1454,1199.0
1835,1454,1240.125
1836,1454,1356.0
1837,1454,1336.75
1838,1454,1230.75
1839,1454,1200.625
1840,1454,1300.25
1841,1454,1267.125
1842,1454,1332.0
1843,1454,1271.0
1844,1454,1293.0
1845,1454,1291.875
1846,1454,1304.75
1847,1454,1315.75
1848,1454,1348.625
1849,1454,1262.5
1850,1454,1247.0
1851,1454,1259.75
1852,1454,1246.875
1853,1454,1356.75
1854,1454,1297.375
1855,1454,1201.5
1856,1454,1319.625
1857,1454,1279.5
1858,1454,1353.75
1859,1454,1287.875
1860,1454,1333.875
1861,1454,1350.125
1862,1454,1326.875
1863,1454,1292.0
1864,1454,1316.5
1865,1454,1340.0
1866,1454,1286.875
1867,1454,1316.75
1868,1454,1335.5
1869,1454,1251.0
1870,1454,1285.25
1871,1454,1327.125
1872,1454,1319.5
1873,1454,1336.625
1874,1454,1326.125
1875,1454,1355.25
1876,1454,1389.5
1877,1454,1217.125
1878,1454,1212.5
1879,1454,1250.375
1880,1454,1256.125
1881,1454,1273.875
1882,1454,1245.125
1883,1454,1210.375
1884,1454,1272.0
1885,1454,1271.25
1886,1454,1278.75
1887,1454,1357.875
1888,1454,1405.625
1889,1454,1222.0
1890,1454,1296.25
1891,1454,1198.625
1892,1454,1296.125
1893,1454,1273.875
1894,1454,1208.875
1895,1454,1285.75
1896,1454,1253.75
1897,1454,1290.25
1898,1454,1381.375
1899,1454,1313.625
1900,1454,1286.875
1901,1454,1340.75
1902,1454,1321.625
1903,1454,1352.375
1904,1454,1370.125
1905,1454,1311.625
1906,1454,1290.25
1907,1454,1313.25
1908,1454,1309.5
1909,1454,1240.25
1910,1454,1373.75
1911,1454,1324.375
1912,1454,1313.375
1913,1454,1143.875
1914,1454,1159.625
1915,1454,1361.5
1916,1454,1313.0
1917,1454,1339.625
1918,1454,1243.0
1919,1454,1349.875
1920,1454,1246.75
1921,1454,1290.375
1922,1454,1210.125
1923,1454,1427.625
1924,1454,1357.5
1925,1454,1327.75
1926,1454,1299.625
1927,1454,1324.5
1928,1456,1314.25
1929,1456,1295.125
1930,1456,1351.5
1931,1456,1307.0
1932,1456,1306.0
1933,1456,1282.375
1934,1456,1319.125
1935,1456,1163.625
1936,1456,1268.625
1937,1456,1271.75
1938,1456,1196.75
1939,1456,1174.875
1940,1456,1318.125
1941,1456,1230.125
1942,1456,1214.75
1943,1456,1256.75
1944,1456,1261.875
1945,1456,1211.375
1946,1456,1288.75
1947,1456,1113.125
1948,1456,1338.75
1949,1456,1370.125
1950,1456,1353.75
1951,1456,1238.125
1952,1456,1307.5
1953,1456,1277.0
1954,1456,1321.875
1955,1456,1225.0
1956,1456,1173.875
1957,1456,1199.5
1958,1456,1242.875
1959,1456,1224.875
1960,1456,1336.125
1961,1456,1263.25
1962,1456,1207.75
1963,1456,1275.875
1964,1456,1135.0
1965,1456,1239.625
1966,1456,1351.0
1967,1456,1393.5
1968,1456,1345.75
1969,1456,1346.125
1970,1456,1307.75
1971,1456,1336.375
1972,1456,1355.0
1973,1456,1348.25
1974,1456,1279.125
1975,1456,1245.5
1976,1456,1317.125
1977,1456,1312.125
1978,1456,1269.625
1979,1456,1315.5
1980,1456,1327.125
1981,1456,1314.5
1982,1456,1251.0
1983,1456,1120.125
1984,1456,1244.75
1985,1456,1192.625
1986,1456,1350.125
1987,1456,1291.75
1988,1456,1359.625
1989,1456,1237.375
1990,1456,1271.875
1991,1456,1244.75
1992,1456,1211.5
1993,1456,1176.0
1994,1456,1209.625
1995,1456,1293.375
1996,1456,1286.75
1997,1456,1345.75
1998,1456,1335.125
1999,1456,1326.875
2000,1456,1186.625
2001,1456,1206.25
2002,1456,1195.625
2003,1456,1158.375
2004,1456,1280.75
2005,1456,1336.5
2006,1456,1394.75
2007,1456,1313.625
2008,1456,1380.0
2009,1456,1377.375
2010,1456,1164.375
2011,1456,1311.25
2012,1456,1151.625
2013,1456,1231.25
2014,1456,1363.25
2015,1456,1362.0
2016,1456,1322.875
2017,1456,1250.25
2018,1456,1260.0
2019,1456,1206.5
2020,1456,1282.625
2021,1456,1290.0
2022,1456,1302.5
2023,1456,1282.625
2024,1456,1293.0
2025,1456,1242.875
2026,1456,1193.625
2027,1456,1053.875
2028,1456,1274.0
2029,1456,1264.375
2030,1456,1292.5
2031,1456,1333.125
2032,1456,1403.75
2033,1456,1421.75
2034,1456,1350.375
2035,1456,1239.875
2036,1456,1391.5
2037,1456,1286.125
2038,1456,1341.625
2039,1456,1280.75
2040,1456,1278.875
2041,1456,1266.375
2042,1456,1219.875
2043,1456,1331.125
2044,1456,1299.125
2045,1456,1323.125
2046,1456,1259.0
2047,1456,1201.75
2048,1456,1267.375
2049,1456,1254.875
2050,1456,1259.75
2051,1456,1362.125
2052,1456,1281.125
2053,1456,1363.125
2054,1456,1140.875
2055,1456,1049.375
2056,1456,1065.125
2057,1456,1243.875
2058,1456,1335.375
2059,1456,1302.0
2060,1456,1301.625
2061,1456,1294.125
2062,1456,1270.25
2063,1456,1170.625
2064,1456,1163.5
2065,1456,1179.375
2066,1456,1326.125
2067,1456,1206.625
2068,1456,1250.375
2069,1456,1363.125
2070,1456,1256.375
2071,1456,1310.875
2072,1456,1275.375
2073,1456,1302.875
2074,1456,1278.0
2075,1456,1292.375
2076,1456,1335.375
2077,1456,1291.25
2078,1456,1308.75
2079,1456,1367.75
2080,1456,1392.875
2081,1456,1255.25
2082,1456,1348.5
2083,1456,1318.75
2084,1456,1310.875
2085,1456,1286.625
2086,1456,1314.5
2087,1456,1300.125
2088,1456,1212.5
2089,1456,1282.5
2090,1456,1247.625
2091,1456,1286.5
2092,1456,1312.125
2093,1456,1372.75
2094,1456,1359.25
2095,1456,1341.0
2096,1456,1313.0
2097,1456,1236.625
2098,1456,1219.5
2099,1456,1245.5
2100,1456,1246.5
2101,1456,1325.5
2102,1456,1377.75
2103,1456,1251.375
2104,1456,1309.875
2105,1456,1399.375
2106,1456,1386.875
2107,1456,1400.875
2108,1456,1334.875
2109,1456,1297.125
2110,1456,1375.5
2111,1456,1320.0
2112,1456,1321.75
2113,1456,1280.0
2114,1456,1302.75
2115,1456,1235.75
2116,1456,1239.75
2117,1456,1216.375
2118,1456,1322.875
2119,1456,1236.625
2120,1456,1291.625
2121,1456,1319.25
2122,1456,1320.375
2123,1456,1247.625
2124,1456,1154.25
2125,1456,1218.375
2126,1456,1284.625
2127,1456,1351.25
2128,1456,1286.375
2129,1456,1282.625
2130,1456,1268.5
2131,1456,1324.125
2132,1456,1279.625
2133,1456,1267.25
2134,1456,1288.75
2135,1456,1216.0
2136,1456,1337.625
2137,1456,1301.5
2138,1456,1262.5
2139,1456,1384.625
2140,1456,1284.75
2141,1456,1245.125
2142,1456,1321.125
2143,1456,1316.5
2144,1456,1244.875
2145,1456,1305.0
2146,1456,1146.5
2147,1456,1349.25
2148,1456,1212.625
2149,1456,1206.375
2150,1456,1384.0
2151,1456,1381.0
2152,1456,1303.375
2153,1456,1253.875
2154,1456,1357.125
2155,1456,1304.0
2156,1456,1335.625
2157,1456,1325.625
2158,1456,1217.25
2159,1456,1337.625
2160,1456,1241.75
2161,1456,1389.0
2162,1456,1241.5
2163,1456,1260.25
2164,1456,1194.25
2165,1456,1285.75
2166,1456,1197.125
2167,1456,1243.25
2168,1456,1311.625
2169,1456,1310.75
2170,1456,1307.625
2171,1456,1368.75
2172,1456,1261.0
2173,1456,1278.875
2174,1456,1265.75
2175,1456,1257.125
2176,1456,1336.5
2177,1456,1226.375
2178,1456,1227.375
2179,1456,1260.375
2180,1456,1234.125
2181,1456,1202.625
2182,1456,1262.625
2183,1456,1263.25
2184,1456,1385.25
2185,1456,1359.75
2186,1456,1374.0
2187,1456,1281.625
2188,1456,1282.0
2189,1456,1352.125
2190,1456,1248.125
2191,1456,1246.125
2192,1456,1300.375
2193,1456,1341.25
2194,1456,1267.0
2195,1456,1281.375
2196,1456,1348.375
2197,1456,1295.625
2198,1456,1136.0
2199,1456,1301.875
2200,1456,1393.75
2201,1456,1318.375
2202,1456,1263.625
2203,1456,1316.625
2204,1456,1410.75
2205,1456,1380.875
2206,1456,1333.25
2207,1456,1278.25
2208,1456,1359.625
2209,1456,1270.75
2210,1456,1309.375
2211,1456,1280.5
2212,1456,1239.375
2213,1456,1315.5
2214,1456,1313.5
2215,1456,1231.75
2216,1456,1339.25
2217,1456,1264.5
2218,1456,1293.0
2219,1456,1225.5
2220,1456,1368.125
2221,1456,1301.125
2222,1456,1317.5
2223,1456,1373.875
2224,1456,1303.875
2225,1456,1258.0
2226,1456,1310.5
2227,1456,1238.125
2228,1456,1331.375
2229,1456,1312.0
2230,1456,1360.25
2231,1456,1311.125
2232,1456,1194.25
2233,1456,1372.375
2234,1456,1349.625
2235,1456,1307.375
2236,1456,1382.125
2237,1456,1068.75
2238,1456,1245.875
2239,1456,1203.25
2240,1456,1311.375
2241,1456,1304.375
2242,1456,1338.625
2243,1456,1186.875
2244,1456,1367.375
2245,1456,1293.125
2246,1456,1291.375
2247,1456,1274.875
2248,1456,1287.875
2249,1456,1240.875
2250,1458,1269.375
