,best,avg,cycle_time(ms)
0,0,0.0,0.0
1,1423,1356.0,2.528667449951172
2,1446,1402.25,3.0231475830078125
3,1417,1371.125,3.5088062286376953
4,1452,1399.875,4.011631011962891
5,1451,1386.125,3.5467147827148438
6,1443,1359.0,3.3185482025146484
7,1439,1394.25,3.0303001403808594
8,1443,1367.375,4.041910171508789
9,1412,1357.5,3.991842269897461
10,1433,1387.625,2.4995803833007812
11,1427,1395.75,4.989385604858398
12,1447,1388.5,3.615140914916992
13,1440,1389.625,2.9926300048828125
14,1422,1384.375,3.024578094482422
15,1430,1397.375,4.435300827026367
16,1429,1379.0,2.996683120727539
17,1437,1381.5,2.9947757720947266
18,1438,1380.875,5.090236663818359
19,1407,1359.25,3.0181407928466797
20,1454,1407.5,3.596782684326172
21,1433,1388.125,3.9920806884765625
22,1435,1377.5,3.532886505126953
23,1450,1407.625,5.987405776977539
24,1425,1368.25,4.999876022338867
25,1440,1378.5,5.643606185913086
26,1435,1390.75,3.986835479736328
27,1434,1384.375,5.587339401245117
28,1427,1393.625,3.022432327270508
29,1431,1390.0,2.994060516357422
30,1418,1365.875,4.554033279418945
31,1415,1373.625,2.9935836791992188
32,1432,1385.75,1.996755599975586
33,1431,1380.75,4.039287567138672
34,1434,1382.0,4.984855651855469
35,1442,1382.875,3.9916038513183594
36,1419,1356.375,2.995014190673828
37,1449,1362.75,4.012346267700195
38,1436,1379.125,3.6013126373291016
39,1439,1387.25,3.1690597534179688
40,1426,1341.75,5.059480667114258
41,1423,1386.125,2.991199493408203
42,1447,1384.25,2.994060516357422
43,1429,1375.75,6.374597549438477
44,1440,1391.25,3.4999847412109375
45,1408,1361.125,3.0243396759033203
46,1439,1369.0,4.681110382080078
47,1440,1406.0,2.9900074005126953
48,1449,1417.25,3.5126209259033203
49,1428,1352.25,2.992868423461914
50,1431,1359.75,4.311084747314453
51,1431,1357.0,2.9926300048828125
52,1440,1364.5,3.530740737915039
53,1441,1366.75,6.165742874145508
54,1445,1388.0,3.41033935546875
55,1439,1347.125,1.9941329956054688
56,1427,1374.25,7.507085800170898
57,1440,1364.375,3.0183792114257812
58,1431,1398.25,3.5140514373779297
59,1426,1375.0,4.986286163330078
60,1420,1381.0,2.5250911712646484
61,1431,1375.75,2.995014190673828
62,1431,1359.625,4.2705535888671875
63,1442,1379.625,35.031795501708984
64,1402,1346.375,3.026247024536133
65,1432,1367.375,9.544610977172852
66,1423,1375.75,7.5550079345703125
67,1402,1358.0,4.602193832397461
68,1441,1381.25,2.9916763305664062
69,1428,1371.0,3.0264854431152344
70,1399,1374.25,3.398895263671875
71,1440,1401.375,5.019903182983398
72,1429,1369.5,3.0236244201660156
73,1444,1371.75,3.032207489013672
74,1422,1383.25,4.610538482666016
75,1410,1370.875,3.019094467163086
76,1442,1388.375,3.4322738647460938
77,1431,1355.625,3.015756607055664
78,1421,1358.375,3.608226776123047
79,1418,1372.5,3.025531768798828
80,1435,1362.0,3.612518310546875
81,1440,1359.0,3.0317306518554688
82,1405,1348.0,4.988431930541992
83,1443,1390.75,4.077672958374023
84,1445,1392.125,3.027677536010742
85,1407,1380.5,3.640890121459961
86,1392,1357.375,3.007650375366211
87,1423,1377.75,3.6401748657226562
88,1434,1347.875,3.022432327270508
89,1431,1396.875,4.722833633422852
90,1397,1347.5,3.026247024536133
91,1434,1369.25,3.592967987060547
92,1437,1382.875,2.9914379119873047
93,1419,1359.0,3.6585330963134766
94,1445,1397.0,4.018068313598633
95,1430,1371.25,3.2546520233154297
96,1436,1365.75,4.02069091796875
97,1394,1339.75,3.5605430603027344
98,1419,1348.0,3.0269622802734375
99,1435,1344.375,2.994537353515625
100,1444,1394.625,3.0260086059570312
101,1423,1351.375,3.0231475830078125
102,1419,1355.875,2.4199485778808594
103,1413,1357.625,4.989385604858398
104,1416,1378.0,3.0260086059570312
105,1429,1369.75,3.0264854431152344
106,1390,1344.625,2.6092529296875
107,1384,1337.25,4.020214080810547
108,1436,1369.125,3.194093704223633
109,1429,1350.375,3.0231475830078125
110,1413,1374.75,4.601001739501953
111,1423,1376.25,3.018617630004883
112,1435,1374.0,3.743410110473633
113,1438,1362.75,3.2591819763183594
114,1405,1353.25,4.023551940917969
115,1432,1376.75,4.103183746337891
116,1436,1379.375,3.0236244201660156
117,1394,1341.75,3.8213729858398438
118,1399,1363.375,3.0279159545898438
119,1413,1375.5,3.1728744506835938
120,1424,1368.75,3.0248165130615234
121,1392,1356.125,4.633188247680664
122,1441,1354.5,3.01361083984375
123,1435,1391.625,2.6133060455322266
124,1433,1361.25,3.028392791748047
125,1427,1336.625,5.016565322875977
126,1444,1376.75,4.02379035949707
127,1438,1381.625,2.9942989349365234
128,1432,1355.25,4.939079284667969
129,1433,1378.125,3.01361083984375
130,1404,1347.0,3.5619735717773438
131,1406,1363.875,3.0264854431152344
132,1432,1406.25,5.890846252441406
133,1437,1393.5,3.0231475830078125
134,1444,1388.375,3.5598278045654297
135,1414,1380.875,4.990339279174805
136,1433,1382.375,3.5200119018554688
137,1408,1366.5,3.0274391174316406
138,1440,1381.0,2.538919448852539
139,1410,1330.875,5.020618438720703
140,1450,1387.5,2.658367156982422
141,1434,1384.875,4.020452499389648
142,1442,1359.25,4.594326019287109
143,1419,1343.75,3.0269622802734375
144,1418,1352.5,3.0155181884765625
145,1433,1361.125,3.42559814453125
146,1422,1381.75,4.021167755126953
147,1437,1362.75,3.119945526123047
148,1433,1381.875,3.027200698852539
149,1444,1362.375,2.5513172149658203
150,1417,1381.375,3.0264854431152344
151,1440,1353.875,3.0994415283203125
152,1433,1377.75,2.994537353515625
153,1432,1371.875,6.43467903137207
154,1438,1368.625,3.0181407928466797
155,1441,1361.875,2.5954246520996094
156,1443,1397.875,4.990577697753906
157,1416,1368.375,2.5725364685058594
158,1442,1385.25,2.9778480529785156
159,1439,1362.75,3.0226707458496094
160,1408,1376.375,3.9873123168945312
161,1431,1373.875,3.5681724548339844
162,1431,1375.25,3.018617630004883
163,1442,1403.0,5.524158477783203
164,1441,1370.0,3.0236244201660156
165,1442,1388.5,2.027750015258789
166,1452,1376.125,3.0388832092285156
167,1413,1335.25,4.0264129638671875
168,1426,1369.0,4.041433334350586
169,1383,1344.875,3.015756607055664
170,1416,1363.625,2.9921531677246094
171,1422,1371.125,4.02379035949707
172,1427,1362.5,4.148960113525391
173,1414,1330.125,3.0231475830078125
174,1427,1391.875,4.659414291381836
175,1397,1355.625,3.0226707458496094
176,1414,1362.25,2.991914749145508
177,1441,1391.75,3.4863948822021484
178,1440,1380.25,3.99017333984375
179,1378,1341.875,3.0241012573242188
180,1433,1355.125,4.020929336547852
181,1432,1368.0,3.2410621643066406
182,1447,1364.0,3.023386001586914
183,1424,1369.0,3.6630630493164062
184,1423,1354.5,3.014802932739258
185,1449,1381.25,4.497289657592773
186,1428,1348.75,3.0150413513183594
187,1411,1366.75,3.5028457641601562
188,1451,1374.125,3.0183792114257812
189,1436,1384.0,5.020856857299805
190,1441,1402.0,3.080606460571289
191,1408,1362.5,3.023386001586914
192,1399,1354.625,3.1626224517822266
193,1398,1357.375,3.015279769897461
194,1432,1364.375,3.102540969848633
195,1420,1364.25,3.0264854431152344
196,1429,1379.375,4.248857498168945
197,1444,1364.5,3.9827823638916016
198,1431,1386.875,3.6039352416992188
199,1432,1383.625,2.992391586303711
200,1431,1382.625,4.019021987915039
201,1449,1367.25,2.995014190673828
202,1418,1354.625,3.0269622802734375
203,1431,1379.125,4.596948623657227
204,1421,1332.75,3.022909164428711
205,1450,1372.0,2.5634765625
206,1433,1373.375,3.0307769775390625
207,1438,1379.0,3.9947032928466797
208,1430,1368.125,4.02522087097168
209,1414,1369.625,3.023386001586914
210,1413,1367.625,3.584146499633789
211,1444,1371.5,2.996206283569336
212,1445,1397.5,2.562284469604492
213,1421,1384.875,3.0205249786376953
214,1433,1382.375,3.0155181884765625
215,1450,1380.375,3.347158432006836
216,1420,1365.0,3.023386001586914
217,1423,1379.5,4.175424575805664
218,1441,1382.125,3.0181407928466797
219,1427,1364.5,2.5424957275390625
220,1403,1370.0,3.9908885955810547
221,1446,1392.75,3.5245418548583984
222,1448,1344.125,3.9899349212646484
223,1434,1353.25,3.023386001586914
224,1413,1362.875,3.9658546447753906
225,1384,1342.25,3.026247024536133
226,1422,1382.875,3.6890506744384766
227,1428,1364.75,3.0295848846435547
228,1422,1392.0,3.1502246856689453
229,1425,1354.875,3.0241012573242188
230,1436,1381.75,3.0088424682617188
231,1450,1381.875,4.036188125610352
232,1441,1385.0,3.026723861694336
233,1418,1375.125,3.2858848571777344
234,1436,1378.75,3.0052661895751953
235,1427,1379.125,2.497434616088867
236,1438,1383.0,4.0264129638671875
237,1419,1367.375,2.9888153076171875
238,1428,1372.75,4.013299942016602
239,1448,1376.875,3.016233444213867
240,1428,1368.375,2.6297569274902344
241,1448,1375.25,3.016233444213867
242,1450,1335.5,5.594491958618164
243,1427,1372.25,2.9938220977783203
244,1432,1392.625,2.573728561401367
245,1398,1333.5,2.992391586303711
246,1427,1357.75,4.020214080810547
247,1438,1370.125,3.1096935272216797
248,1427,1356.25,3.026247024536133
249,1448,1394.875,4.552364349365234
250,1448,1375.75,3.2584667205810547
251,1435,1360.25,3.345012664794922
252,1440,1384.0,5.984783172607422
253,1444,1354.5,5.988121032714844
254,1431,1371.375,7.492780685424805
255,1438,1372.5,6.520271301269531
256,1405,1339.875,6.0863494873046875
257,1442,1360.875,4.983186721801758
258,1437,1370.25,5.057811737060547
259,1425,1361.5,2.9997825622558594
260,1417,1378.875,2.991914749145508
261,1422,1387.0,3.022909164428711
262,1388,1334.625,2.597332000732422
263,1420,1389.875,3.9925575256347656
264,1413,1368.5,3.6382675170898438
265,1433,1376.875,3.0236244201660156
266,1425,1363.5,3.0286312103271484
267,1405,1374.5,4.374980926513672
268,1441,1360.25,3.0143260955810547
269,1440,1357.25,3.1900405883789062
270,1429,1381.0,3.030538558959961
271,1427,1393.0,4.175424575805664
272,1436,1393.75,3.0248165130615234
273,1423,1398.125,3.5610198974609375
274,1431,1372.5,2.994060516357422
275,1447,1393.25,3.566265106201172
276,1442,1335.875,3.026723861694336
277,1414,1375.375,2.994060516357422
278,1440,1367.0,4.109621047973633
279,1445,1382.875,4.019737243652344
280,1438,1385.875,3.190279006958008
281,1408,1366.75,3.988504409790039
282,1418,1372.625,3.5049915313720703
283,1404,1337.0,3.0214786529541016
284,1407,1360.625,3.022909164428711
285,1408,1346.5,2.802610397338867
286,1416,1338.375,3.9942264556884766
287,1423,1375.5,3.640890121459961
288,1435,1402.125,2.9914379119873047
289,1394,1344.625,2.626657485961914
290,1422,1364.625,4.025459289550781
291,1436,1367.625,3.0236244201660156
292,1444,1354.0,4.279136657714844
293,1430,1392.75,3.6058425903320312
294,1418,1362.625,3.2358169555664062
295,1400,1362.75,3.0341148376464844
296,1409,1361.25,3.5736560821533203
297,1424,1365.125,3.991365432739258
298,1373,1326.75,2.5751590728759766
299,1427,1377.375,2.989053726196289
300,1419,1375.375,2.0294189453125
301,1438,1365.5,4.065513610839844
302,1408,1384.75,3.02886962890625
303,1448,1362.5,4.081964492797852
304,1446,1380.125,4.024744033813477
305,1414,1371.0,3.558635711669922
306,1432,1360.625,3.026247024536133
307,1442,1365.0,2.0287036895751953
308,1433,1344.125,3.5462379455566406
309,1443,1368.125,4.021406173706055
310,1412,1367.75,3.070831298828125
311,1421,1367.75,3.0298233032226562
312,1420,1393.5,3.082275390625
313,1394,1342.5,3.017425537109375
314,1439,1356.25,3.0236244201660156
315,1440,1379.5,3.3867359161376953
316,1441,1380.625,3.9958953857421875
317,1438,1335.375,3.1387805938720703
318,1407,1361.125,4.019975662231445
319,1437,1355.5,2.5734901428222656
320,1428,1334.875,3.9904117584228516
321,1435,1343.25,3.521442413330078
322,1425,1358.625,3.377199172973633
323,1425,1354.375,3.023386001586914
324,1394,1344.125,4.21905517578125
325,1438,1372.75,4.0264129638671875
326,1434,1378.5,3.1044483184814453
327,1393,1340.875,3.99017333984375
328,1425,1356.875,4.103899002075195
329,1391,1346.25,3.013134002685547
330,1416,1356.0,2.522706985473633
331,1425,1369.875,3.9637088775634766
332,1450,1381.125,3.544330596923828
333,1440,1387.375,3.017425537109375
334,1397,1368.75,3.011941909790039
335,1421,1348.125,4.564523696899414
336,1417,1362.5,3.014802932739258
337,1427,1372.375,2.5436878204345703
338,1435,1376.5,3.9908885955810547
339,1412,1360.75,3.5228729248046875
340,1412,1337.125,3.0181407928466797
341,1408,1348.625,3.0164718627929688
342,1420,1373.0,3.905057907104492
343,1388,1357.625,4.538774490356445
344,1411,1345.875,4.155874252319336
345,1399,1361.75,3.153085708618164
346,1403,1357.0,3.589153289794922
347,1433,1355.0,4.027843475341797
348,1399,1345.375,3.023862838745117
349,1424,1376.25,3.579854965209961
350,1427,1380.875,2.991199493408203
351,1410,1378.125,3.5979747772216797
352,1397,1348.5,3.0248165130615234
353,1412,1364.75,2.5534629821777344
354,1388,1326.125,3.961324691772461
355,1434,1335.125,3.6051273345947266
356,1446,1359.125,3.0164718627929688
357,1441,1355.625,3.0181407928466797
358,1446,1358.625,4.515886306762695
359,1424,1376.75,3.0181407928466797
360,1408,1355.75,3.576517105102539
361,1434,1376.375,3.0167102813720703
362,1430,1382.125,3.5886764526367188
363,1416,1352.875,3.0214786529541016
364,1442,1381.625,3.9653778076171875
365,1423,1368.625,3.0677318572998047
366,1442,1385.625,4.020214080810547
367,1432,1351.5,2.597332000732422
368,1440,1407.25,2.9921531677246094
369,1454,1358.75,3.0264854431152344
370,1429,1341.625,3.0221939086914062
371,1417,1359.75,4.018068313598633
372,1411,1365.25,3.0400753021240234
373,1425,1384.75,2.9914379119873047
374,1390,1337.875,3.063201904296875
375,1424,1389.625,3.973245620727539
376,1418,1348.625,3.5665035247802734
377,1446,1361.5,3.0355453491210938
378,1432,1358.75,3.5386085510253906
379,1412,1378.75,3.026723861694336
380,1423,1385.25,3.0231475830078125
381,1442,1370.625,3.047466278076172
382,1432,1350.625,2.991914749145508
383,1429,1339.75,3.5448074340820312
384,1436,1381.5,3.0198097229003906
385,1436,1382.125,3.547191619873047
386,1439,1374.625,3.0188560485839844
387,1391,1343.5,2.995014190673828
388,1410,1348.625,3.4906864166259766
389,1436,1374.375,3.9887428283691406
390,1416,1360.5,2.5513172149658203
391,1438,1359.875,3.0188560485839844
392,1404,1373.0,4.345417022705078
393,1442,1371.75,3.280162811279297
394,1391,1351.375,3.222942352294922
395,1405,1367.125,4.013538360595703
396,1410,1350.625,4.477262496948242
397,1442,1392.375,3.1585693359375
398,1417,1354.125,3.022909164428711
399,1442,1396.5,2.8700828552246094
400,1431,1357.0,3.954172134399414
401,1408,1356.375,3.622770309448242
402,1366,1328.875,3.0260086059570312
403,1424,1377.375,3.0260086059570312
404,1425,1387.5,4.240989685058594
405,1418,1358.5,2.9942989349365234
406,1444,1379.375,3.639698028564453
407,1441,1380.125,3.9892196655273438
408,1423,1385.375,3.6497116088867188
409,1411,1350.75,3.026247024536133
410,1415,1383.75,3.6215782165527344
411,1447,1400.75,3.9904117584228516
412,1448,1398.25,3.0274391174316406
413,1429,1364.625,4.511833190917969
414,1424,1380.625,3.9827823638916016
415,1434,1367.75,4.909515380859375
416,1447,1377.125,3.0274391174316406
417,1373,1347.625,3.6973953247070312
418,1427,1368.125,3.0183792114257812
419,1445,1375.25,3.5240650177001953
420,1454,1385.25,3.023386001586914
421,1421,1364.25,3.0264854431152344
422,1416,1366.25,4.425048828125
423,1448,1414.125,3.0117034912109375
424,1414,1373.125,3.024578094482422
425,1423,1369.875,3.0260086059570312
426,1421,1370.75,2.515077590942383
427,1401,1356.0,3.0219554901123047
428,1396,1359.875,3.5262107849121094
429,1445,1390.0,2.9935836791992188
430,1438,1379.75,2.9993057250976562
431,1400,1329.875,4.174470901489258
432,1415,1353.125,3.023862838745117
433,1427,1361.75,4.584074020385742
434,1412,1332.375,3.9544105529785156
435,1428,1355.625,3.6725997924804688
436,1410,1351.0,3.0231475830078125
437,1422,1376.5,2.5060176849365234
438,1434,1356.75,4.019260406494141
439,1426,1376.75,3.56292724609375
440,1395,1346.125,3.0040740966796875
441,1435,1343.5,3.9937496185302734
442,1396,1346.125,3.019571304321289
443,1407,1338.375,3.0155181884765625
444,1436,1384.25,3.6225318908691406
445,1436,1346.625,4.028797149658203
446,1416,1352.5,3.5543441772460938
447,1409,1355.5,3.0241012573242188
448,1395,1349.25,3.534078598022461
449,1442,1363.25,3.991365432739258
450,1403,1369.375,2.3119449615478516
451,1411,1360.0,2.9959678649902344
452,1414,1351.375,3.9920806884765625
453,1432,1369.5,2.996206283569336
454,1427,1364.125,3.026723861694336
455,1384,1339.125,3.556489944458008
456,1408,1367.25,4.029035568237305
457,1433,1376.0,3.0221939086914062
458,1435,1375.5,4.173994064331055
459,1416,1353.25,3.026247024536133
460,1398,1346.75,4.385948181152344
461,1423,1364.375,3.0138492584228516
462,1439,1353.5,3.1621456146240234
463,1433,1370.25,2.9935836791992188
464,1423,1363.0,3.574371337890625
465,1365,1325.25,4.020929336547852
466,1439,1382.5,3.024578094482422
467,1369,1327.875,4.195928573608398
468,1422,1348.875,3.6318302154541016
469,1435,1369.5,3.0281543731689453
470,1397,1348.75,3.026247024536133
471,1434,1381.5,3.502368927001953
472,1432,1366.875,3.014087677001953
473,1422,1348.125,3.5905838012695312
474,1395,1365.0,3.0150413513183594
475,1415,1368.75,3.9670467376708984
476,1434,1357.5,3.0760765075683594
477,1427,1353.0,3.0155181884765625
478,1433,1369.0,3.575563430786133
479,1423,1363.75,3.9877891540527344
480,1410,1355.75,3.5331249237060547
481,1412,1355.875,4.018545150756836
482,1433,1350.125,1.996755599975586
483,1427,1346.5,5.101203918457031
484,1434,1367.25,3.0286312103271484
485,1393,1338.375,2.5730133056640625
486,1376,1334.5,3.99017333984375
487,1411,1375.375,3.6270618438720703
488,1397,1334.5,2.9914379119873047
489,1413,1351.875,2.615213394165039
490,1403,1342.75,3.993511199951172
491,1434,1357.25,2.6373863220214844
492,1435,1358.375,3.158092498779297
493,1419,1369.0,3.0303001403808594
494,1425,1377.0,3.509044647216797
495,1452,1358.75,3.9882659912109375
496,1397,1372.5,3.5119056701660156
497,1382,1335.75,2.991914749145508
498,1414,1339.75,4.022121429443359
499,1412,1373.0,3.5190582275390625
500,1427,1379.25,3.022909164428711
501,1434,1357.125,3.014802932739258
502,1452,1370.625,3.9870738983154297
503,1419,1359.25,2.637624740600586
504,1417,1345.375,3.0264854431152344
505,1419,1346.875,2.2110939025878906
506,1412,1366.875,4.061222076416016
507,1433,1350.875,3.0274391174316406
508,1425,1353.0,4.076242446899414
509,1441,1404.125,3.014802932739258
510,1419,1371.375,3.637552261352539
511,1428,1363.125,3.0155181884765625
512,1441,1368.75,3.0264854431152344
513,1377,1341.125,5.59544563293457
514,1414,1368.375,2.615213394165039
515,1410,1336.25,3.0155181884765625
516,1408,1359.75,3.0183792114257812
517,1440,1370.25,4.196643829345703
518,1442,1391.875,3.015756607055664
519,1435,1376.125,2.515077590942383
520,1430,1358.375,3.015756607055664
521,1433,1388.375,4.495143890380859
522,1433,1395.25,3.027677536010742
523,1395,1340.25,2.9916763305664062
524,1439,1369.25,2.9969215393066406
525,1401,1353.75,2.9892921447753906
526,1448,1363.375,3.1349658966064453
527,1440,1375.625,4.024982452392578
528,1402,1340.5,3.523111343383789
529,1401,1361.0,4.011869430541992
530,1420,1358.75,2.5539398193359375
531,1450,1368.625,3.031015396118164
532,1442,1383.75,2.992391586303711
533,1444,1358.0,4.019737243652344
534,1435,1405.0,3.016233444213867
535,1417,1362.625,2.5720596313476562
536,1436,1386.25,4.021644592285156
537,1420,1370.0,3.6516189575195312
538,1395,1346.75,3.0252933502197266
539,1442,1379.125,3.0257701873779297
540,1416,1349.125,3.076314926147461
541,1442,1375.0,4.019021987915039
542,1427,1380.625,3.7453174591064453
543,1422,1364.75,3.016233444213867
544,1435,1393.375,4.205226898193359
545,1434,1386.0,3.0214786529541016
546,1450,1358.25,3.572702407836914
547,1433,1374.5,4.024028778076172
548,1449,1388.125,4.019021987915039
549,1432,1354.25,3.1468868255615234
550,1439,1399.0,3.0264854431152344
551,1411,1370.25,4.852056503295898
552,1385,1345.375,3.0269622802734375
553,1442,1382.875,2.5620460510253906
554,1390,1338.5,3.0210018157958984
555,1431,1376.0,5.423784255981445
556,1427,1367.75,4.295825958251953
557,1423,1378.25,2.9997825622558594
558,1407,1372.125,4.053831100463867
559,1439,1351.625,4.019021987915039
560,1429,1364.0,3.098726272583008
561,1418,1354.0,4.02379035949707
562,1413,1339.125,4.684686660766602
563,1419,1334.75,3.0214786529541016
564,1446,1366.0,3.4890174865722656
565,1436,1359.75,2.9954910278320312
566,1444,1381.0,4.508018493652344
567,1429,1367.5,3.0264854431152344
568,1432,1402.625,1.9938945770263672
569,1433,1377.625,4.025697708129883
570,1413,1373.5,2.988100051879883
571,1405,1355.75,2.9959678649902344
572,1430,1344.875,3.0241012573242188
573,1435,1362.375,3.7839412689208984
574,1403,1338.375,3.0243396759033203
575,1423,1358.625,3.5588741302490234
576,1408,1346.125,3.072977066040039
577,1428,1380.75,4.517078399658203
578,1401,1348.625,3.0183792114257812
579,1428,1375.625,3.016233444213867
580,1425,1372.25,2.992391586303711
581,1388,1325.5,3.9899349212646484
582,1401,1341.5,4.666805267333984
583,1440,1378.625,3.022909164428711
584,1407,1362.625,3.5016536712646484
585,1439,1388.0,4.020929336547852
586,1424,1380.875,2.6369094848632812
587,1431,1374.0,3.0248165130615234
588,1394,1334.5,4.986763000488281
589,1391,1360.625,3.3996105194091797
590,1433,1396.375,3.025054931640625
591,1390,1347.0,3.596782684326172
592,1414,1375.25,3.988027572631836
593,1421,1379.375,3.629922866821289
594,1423,1357.75,3.0248165130615234
595,1427,1374.75,3.4971237182617188
596,1391,1332.25,4.02379035949707
597,1428,1364.5,3.6385059356689453
598,1434,1354.25,2.596139907836914
599,1422,1376.0,2.999544143676758
600,1416,1365.5,3.1685829162597656
601,1445,1380.75,3.0236244201660156
602,1427,1385.875,2.6328563690185547
603,1442,1356.375,3.679990768432617
604,1403,1363.375,3.2143592834472656
605,1413,1364.75,3.0901432037353516
606,1448,1377.25,2.9942989349365234
607,1425,1342.375,5.516529083251953
608,1429,1374.5,3.0198097229003906
609,1431,1373.875,3.5986900329589844
610,1419,1373.0,3.0243396759033203
611,1442,1382.25,3.5207271575927734
612,1381,1340.75,3.023386001586914
613,1421,1335.5,3.026723861694336
614,1434,1382.875,3.052234649658203
615,1434,1359.875,4.022121429443359
616,1403,1360.125,3.5560131072998047
617,1427,1347.875,3.015279769897461
618,1434,1380.0,3.535747528076172
619,1431,1377.875,3.0117034912109375
620,1450,1393.25,3.988981246948242
621,1431,1379.875,3.581523895263672
622,1394,1341.625,2.99835205078125
623,1388,1346.875,4.036903381347656
624,1440,1409.625,3.988981246948242
625,1425,1358.375,2.5980472564697266
626,1445,1384.75,4.019260406494141
627,1432,1372.75,2.567291259765625
628,1416,1359.5,3.145456314086914
629,1424,1390.375,3.016948699951172
630,1435,1370.875,4.479169845581055
631,1419,1337.25,3.026723861694336
632,1429,1372.75,3.619670867919922
633,1450,1370.875,3.0252933502197266
634,1406,1359.0,3.5207271575927734
635,1420,1338.0,3.4837722778320312
636,1441,1372.75,3.988504409790039
637,1410,1324.125,3.5228729248046875
638,1413,1352.75,4.010915756225586
639,1442,1365.25,3.0803680419921875
640,1442,1374.875,2.5014877319335938
641,1439,1357.75,2.5408267974853516
642,1446,1347.5,4.168272018432617
643,1399,1342.75,3.0231475830078125
644,1450,1378.75,3.1549930572509766
645,1430,1364.875,3.0274391174316406
646,1397,1364.25,3.0469894409179688
647,1444,1386.5,3.023386001586914
648,1413,1349.875,2.568960189819336
649,1423,1359.375,4.2743682861328125
650,1421,1348.125,3.0221939086914062
651,1441,1380.875,3.023862838745117
652,1408,1327.625,3.026247024536133
653,1421,1378.5,3.5004615783691406
654,1449,1369.0,3.0214786529541016
655,1427,1341.75,2.6428699493408203
656,1406,1370.5,3.0257701873779297
657,1419,1350.375,3.573894500732422
658,1410,1370.5,3.9908885955810547
659,1411,1387.5,3.0143260955810547
660,1397,1334.25,2.499103546142578
661,1423,1378.625,5.016803741455078
662,1427,1366.625,2.6018619537353516
663,1433,1364.0,3.0243396759033203
664,1395,1353.375,3.022909164428711
665,1434,1376.125,4.027128219604492
666,1415,1366.375,3.0231475830078125
667,1437,1366.125,4.190206527709961
668,1395,1353.375,3.9894580841064453
669,1403,1333.25,2.513885498046875
670,1440,1365.875,3.025531768798828
671,1405,1341.25,3.65447998046875
672,1394,1350.5,3.996133804321289
673,1414,1357.5,3.6287307739257812
674,1416,1354.625,2.5229454040527344
675,1446,1349.75,3.026247024536133
676,1418,1341.0,4.024505615234375
677,1411,1324.25,3.022909164428711
678,1419,1354.375,3.641843795776367
679,1442,1375.625,3.022432327270508
680,1410,1355.25,2.995729446411133
681,1401,1333.375,4.1332244873046875
682,1404,1349.0,3.016233444213867
683,1404,1363.375,2.6161670684814453
684,1427,1370.375,4.986047744750977
685,1396,1352.0,2.635955810546875
686,1396,1341.5,3.9916038513183594
687,1426,1387.625,3.025531768798828
688,1422,1357.625,3.0291080474853516
689,1438,1373.375,3.9925575256347656
690,1412,1378.25,4.174470901489258
691,1412,1335.375,2.994060516357422
692,1398,1361.125,2.5482177734375
693,1439,1367.0,4.019021987915039
694,1400,1347.125,3.6401748657226562
695,1419,1350.75,3.9916038513183594
696,1441,1404.75,2.0225048065185547
697,1440,1357.875,3.213644027709961
698,1418,1314.375,2.994060516357422
699,1431,1355.625,3.9958953857421875
700,1436,1368.125,4.0264129638671875
701,1415,1349.5,3.5271644592285156
702,1390,1341.25,3.0260086059570312
703,1434,1347.75,4.5413970947265625
704,1410,1365.75,3.388643264770508
705,1410,1346.875,2.9916763305664062
706,1419,1370.0,2.678394317626953
707,1429,1354.0,4.264354705810547
708,1425,1361.25,5.592584609985352
709,1439,1370.125,3.0236244201660156
710,1427,1390.75,3.490447998046875
711,1426,1396.75,3.023386001586914
712,1425,1366.5,3.66973876953125
713,1423,1363.625,3.0677318572998047
714,1418,1353.875,3.0252933502197266
715,1399,1333.375,3.9818286895751953
716,1403,1343.0,2.019166946411133
717,1415,1377.25,3.231048583984375
718,1430,1384.0,4.012346267700195
719,1424,1366.875,3.575563430786133
720,1419,1338.0,3.0155181884765625
721,1418,1358.25,3.523588180541992
722,1356,1320.25,3.0176639556884766
723,1374,1328.375,2.5022029876708984
724,1393,1345.875,3.2498836517333984
725,1396,1351.0,3.994464874267578
726,1393,1340.875,3.1731128692626953
727,1446,1372.75,4.00233268737793
728,1427,1363.75,3.3838748931884766
729,1414,1380.5,4.012346267700195
730,1426,1369.375,2.5954246520996094
731,1412,1366.875,3.9746761322021484
732,1424,1376.75,3.5316944122314453
733,1430,1377.625,4.037618637084961
734,1440,1375.0,3.0281543731689453
735,1401,1358.125,3.082752227783203
736,1408,1344.0,4.993915557861328
737,1449,1346.125,3.2165050506591797
738,1439,1375.0,3.0231475830078125
739,1434,1366.25,3.615856170654297
740,1421,1375.625,4.021644592285156
741,1451,1372.5,3.5941600799560547
742,1431,1353.0,5.985260009765625
743,1417,1343.5,7.011651992797852
744,1408,1348.625,6.494998931884766
745,1438,1359.75,7.581472396850586
746,1447,1378.125,5.55109977722168
747,1392,1333.0,8.483171463012695
748,1443,1337.375,4.769086837768555
749,1446,1398.875,3.3190250396728516
750,1404,1362.625,3.0219554901123047
751,1439,1381.875,3.5610198974609375
752,1448,1380.5,2.609729766845703
753,1429,1374.875,5.020856857299805
754,1404,1331.75,4.392385482788086
755,1396,1330.875,3.015756607055664
756,1423,1376.25,3.6818981170654297
757,1407,1346.0,3.9908885955810547
758,1433,1357.625,2.548694610595703
759,1433,1376.5,3.015756607055664
760,1440,1380.0,4.493474960327148
761,1424,1355.5,3.9877891540527344
762,1379,1344.25,3.518819808959961
763,1385,1334.125,3.0221939086914062
764,1386,1344.75,4.019737243652344
765,1396,1353.125,3.017902374267578
766,1430,1371.625,4.531145095825195
767,1426,1352.625,3.220796585083008
768,1396,1349.375,4.021406173706055
769,1403,1361.5,3.3681392669677734
770,1422,1359.125,4.027366638183594
771,1428,1376.375,5.036115646362305
772,1433,1364.5,2.9904842376708984
773,1422,1352.0,3.857135772705078
774,1382,1327.0,5.020380020141602
775,1436,1376.125,4.408836364746094
776,1433,1375.625,3.022909164428711
777,1397,1334.875,4.512310028076172
778,1410,1380.625,5.017995834350586
779,1429,1349.5,2.806425094604492
780,1431,1348.375,3.0219554901123047
781,1435,1350.625,6.597757339477539
782,1399,1338.75,4.94694709777832
783,1408,1336.75,5.825281143188477
784,1437,1368.875,6.505727767944336
785,1430,1367.375,3.501415252685547
786,1448,1370.125,7.445573806762695
787,1440,1372.125,3.453493118286133
788,1419,1347.625,8.49294662475586
789,1425,1353.25,10.01739501953125
790,1435,1375.25,6.537675857543945
791,1446,1379.625,16.01386070251465
792,1437,1367.0,4.98652458190918
793,1435,1358.5,3.245115280151367
794,1430,1342.375,3.9887428283691406
795,1410,1347.0,2.8219223022460938
796,1431,1340.125,3.9892196655273438
797,1378,1333.5,6.220817565917969
798,1446,1372.75,3.9899349212646484
799,1436,1361.375,3.1468868255615234
800,1449,1397.0,2.9921531677246094
801,1427,1326.5,4.522800445556641
802,1418,1352.375,2.991199493408203
803,1423,1367.0,3.494739532470703
804,1395,1331.375,4.26483154296875
805,1409,1350.625,3.9887428283691406
806,1429,1376.125,5.284786224365234
807,1415,1360.125,5.494356155395508
808,1386,1323.0,3.9882659912109375
809,1356,1305.125,3.5114288330078125
810,1377,1340.625,3.988504409790039
811,1420,1372.0,3.99017333984375
812,1432,1348.125,3.498554229736328
813,1436,1351.0,2.99072265625
814,1423,1318.5,2.5022029876708984
815,1423,1376.25,4.47392463684082
816,1428,1369.875,2.9916763305664062
817,1418,1349.5,3.004312515258789
818,1430,1368.75,2.990245819091797
819,1408,1370.25,4.5013427734375
820,1405,1370.25,3.9827823638916016
821,1449,1386.75,2.6221275329589844
822,1393,1330.375,3.1185150146484375
823,1438,1376.5,3.9894580841064453
824,1408,1328.875,4.1217803955078125
825,1450,1372.125,3.9899349212646484
826,1379,1337.75,4.5680999755859375
827,1440,1371.75,3.023862838745117
828,1389,1342.75,2.648591995239258
829,1357,1331.125,3.021717071533203
830,1437,1349.375,4.071474075317383
831,1394,1342.875,3.0088424682617188
832,1418,1359.125,3.532886505126953
833,1398,1359.875,3.988027572631836
834,1408,1343.25,5.032777786254883
835,1416,1352.375,4.045248031616211
836,1436,1378.25,3.5011768341064453
837,1440,1386.375,5.020856857299805
838,1432,1372.875,3.0744075775146484
839,1444,1377.875,2.9916763305664062
840,1398,1340.25,5.136251449584961
841,1416,1363.375,3.021240234375
842,1410,1355.625,3.5736560821533203
843,1397,1339.75,3.063201904296875
844,1441,1362.5,4.570484161376953
845,1436,1360.25,3.015756607055664
846,1401,1334.25,2.644062042236328
847,1382,1327.5,3.9949417114257812
848,1418,1356.25,1.9969940185546875
849,1331,1320.75,3.4074783325195312
850,1398,1360.375,3.0260086059570312
851,1427,1376.875,5.59234619140625
852,1436,1365.375,3.0264854431152344
853,1432,1359.375,3.0107498168945312
854,1425,1356.0,3.988981246948242
855,1384,1343.125,3.584146499633789
856,1410,1348.875,2.991199493408203
857,1415,1360.625,2.552032470703125
858,1436,1367.75,3.9920806884765625
859,1427,1348.625,3.622770309448242
860,1443,1355.25,3.015756607055664
861,1413,1377.0,3.0183792114257812
862,1446,1358.0,6.192445755004883
863,1411,1355.625,3.0324459075927734
864,1410,1350.0,3.6253929138183594
865,1426,1366.625,3.996610641479492
866,1369,1346.625,3.4999847412109375
867,1396,1358.875,3.0164718627929688
868,1431,1381.625,2.559185028076172
869,1443,1345.375,5.015134811401367
870,1435,1386.5,2.5005340576171875
871,1408,1365.75,3.026247024536133
872,1432,1365.5,2.9942989349365234
873,1389,1346.125,4.490137100219727
874,1424,1351.625,3.010988235473633
875,1416,1347.125,2.9976367950439453
876,1417,1367.5,5.026340484619141
877,1441,1348.75,3.0281543731689453
878,1431,1360.375,3.0231475830078125
879,1420,1349.5,3.536224365234375
880,1428,1380.25,5.017757415771484
881,1406,1350.125,3.088712692260742
882,1442,1380.625,3.0183792114257812
883,1442,1390.625,5.671024322509766
884,1445,1392.875,3.017425537109375
885,1388,1321.25,3.5753250122070312
886,1449,1368.5,3.4978389739990234
887,1441,1364.375,3.4973621368408203
888,1437,1371.375,3.0231475830078125
889,1435,1375.625,2.506256103515625
890,1438,1375.0,3.991365432739258
891,1407,1349.625,2.020597457885742
892,1415,1356.25,3.4034252166748047
893,1432,1377.375,4.017353057861328
894,1448,1376.875,4.549741744995117
895,1429,1369.75,4.026889801025391
896,1398,1357.0,3.8576126098632812
897,1429,1359.625,2.9914379119873047
898,1447,1362.25,6.017923355102539
899,1423,1375.25,5.0144195556640625
900,1426,1374.75,2.9947757720947266
901,1401,1349.875,4.0493011474609375
902,1406,1365.75,3.114461898803711
903,1396,1360.75,2.9914379119873047
904,1411,1365.75,5.017757415771484
905,1431,1357.125,3.0260086059570312
906,1418,1353.625,3.519296646118164
907,1422,1373.875,4.033803939819336
908,1415,1366.125,3.0395984649658203
909,1413,1343.375,4.022121429443359
910,1420,1373.875,3.545045852661133
911,1390,1351.0,3.0159950256347656
912,1410,1358.875,2.5005340576171875
913,1421,1340.625,2.9935836791992188
914,1431,1340.375,2.9921531677246094
915,1399,1355.75,2.984762191772461
916,1441,1396.625,3.9892196655273438
917,1429,1368.625,3.091096878051758
918,1444,1382.25,3.996610641479492
919,1426,1382.875,3.7407875061035156
920,1405,1355.125,3.0291080474853516
921,1405,1355.75,2.6731491088867188
922,1366,1325.5,4.015445709228516
923,1416,1379.125,2.9916763305664062
924,1450,1359.375,3.0117034912109375
925,1440,1376.75,3.0181407928466797
926,1440,1389.875,4.918098449707031
927,1404,1364.75,3.2651424407958984
928,1429,1352.875,3.261089324951172
929,1423,1334.25,2.9981136322021484
930,1419,1354.75,3.6191940307617188
931,1410,1348.25,3.9696693420410156
932,1439,1379.5,2.5162696838378906
933,1420,1345.875,4.99272346496582
934,1441,1367.5,4.55784797668457
935,1413,1360.375,3.0295848846435547
936,1412,1350.125,4.599332809448242
937,1375,1336.625,3.018617630004883
938,1425,1369.625,3.5643577575683594
939,1407,1363.125,3.0202865600585938
940,1436,1349.5,2.6044845581054688
941,1449,1347.5,3.026247024536133
942,1399,1340.625,3.620624542236328
943,1434,1330.25,2.991914749145508
944,1444,1335.0,3.020763397216797
945,1390,1351.5,3.0298233032226562
946,1427,1376.625,4.023551940917969
947,1423,1352.375,3.7674903869628906
948,1396,1354.0,3.992319107055664
949,1412,1366.625,3.632068634033203
950,1398,1340.25,3.0095577239990234
951,1427,1352.0,3.606557846069336
952,1389,1338.375,2.991199493408203
953,1446,1366.875,3.992795944213867
954,1409,1339.125,4.446744918823242
955,1450,1341.125,2.0287036895751953
956,1425,1366.0,3.0486583709716797
957,1395,1342.75,3.0264854431152344
958,1353,1313.0,4.185914993286133
959,1411,1337.25,3.026247024536133
960,1427,1349.75,2.585172653198242
961,1430,1355.25,3.992795944213867
962,1417,1342.5,2.5625228881835938
963,1404,1346.5,4.025936126708984
964,1443,1372.375,2.5060176849365234
965,1375,1330.125,4.138708114624023
966,1454,1370.25,4.024028778076172
967,1444,1369.25,4.203319549560547
968,1432,1367.0,2.994060516357422
969,1419,1358.875,3.985881805419922
970,1418,1345.625,3.031492233276367
971,1439,1352.75,3.537893295288086
972,1423,1342.875,4.513740539550781
973,1440,1365.0,3.6258697509765625
974,1438,1337.875,3.216981887817383
975,1439,1380.625,3.1125545501708984
976,1446,1372.875,4.31513786315918
977,1398,1343.25,3.020048141479492
978,1405,1365.25,4.149913787841797
979,1409,1355.625,3.016948699951172
980,1414,1345.5,3.3817291259765625
981,1404,1351.5,4.012823104858398
982,1439,1395.25,2.544403076171875
983,1415,1358.5,3.0236244201660156
984,1421,1372.0,4.497766494750977
985,1433,1393.375,2.991199493408203
986,1429,1362.875,3.0257701873779297
987,1392,1331.25,2.997159957885742
988,1418,1343.0,2.9942989349365234
989,1393,1341.625,3.063201904296875
990,1397,1327.125,3.0269622802734375
991,1450,1356.25,4.609823226928711
992,1443,1369.625,2.994537353515625
993,1410,1373.125,3.5486221313476562
994,1427,1368.75,3.5948753356933594
995,1412,1361.75,3.564596176147461
996,1413,1348.0,3.015756607055664
997,1441,1359.0,3.0298233032226562
998,1445,1372.25,5.363702774047852
999,1421,1375.5,3.0183792114257812
1000,1429,1378.75,3.446340560913086
1001,1427,1360.5,3.0188560485839844
1002,1388,1350.375,3.699779510498047
1003,1399,1342.375,3.0176639556884766
1004,1418,1366.5,3.4990310668945312
1005,1429,1372.75,2.9916763305664062
1006,1408,1374.625,3.602743148803711
1007,1433,1375.625,3.0236244201660156
1008,1427,1360.375,3.0241012573242188
1009,1423,1365.5,4.011392593383789
1010,1397,1358.0,2.9914379119873047
1011,1423,1339.375,3.5843849182128906
1012,1425,1346.75,3.0241012573242188
1013,1431,1359.875,3.808259963989258
1014,1427,1355.125,2.994537353515625
1015,1432,1372.125,3.567218780517578
1016,1428,1378.5,2.5625228881835938
1017,1378,1326.875,3.0183792114257812
1018,1397,1344.375,2.996683120727539
1019,1382,1344.875,3.0269622802734375
1020,1411,1354.875,3.5386085510253906
1021,1405,1350.25,4.021167755126953
1022,1403,1358.5,3.6034584045410156
1023,1438,1358.875,3.026247024536133
1024,1380,1346.375,4.940271377563477
1025,1414,1372.375,3.0243396759033203
1026,1373,1334.5,3.634929656982422
1027,1437,1380.375,2.995014190673828
1028,1394,1350.375,3.629922866821289
1029,1436,1363.625,3.0260086059570312
1030,1425,1343.25,3.0264854431152344
1031,1422,1381.875,3.9930343627929688
1032,1424,1371.0,3.0264854431152344
1033,1425,1371.5,3.0841827392578125
1034,1425,1380.25,3.9916038513183594
1035,1450,1365.75,4.528999328613281
1036,1449,1383.25,4.022359848022461
1037,1437,1373.75,3.599882125854492
1038,1408,1354.875,3.612041473388672
1039,1427,1379.625,3.5927295684814453
1040,1430,1350.0,3.0236244201660156
1041,1429,1352.5,2.55584716796875
1042,1442,1348.125,3.9925575256347656
1043,1424,1369.625,3.016948699951172
1044,1442,1370.25,3.302335739135742
1045,1437,1365.75,3.015756607055664
1046,1412,1356.125,4.920005798339844
1047,1444,1386.5,3.027677536010742
1048,1414,1351.625,2.5446414947509766
1049,1427,1339.375,3.021240234375
1050,1434,1368.0,3.027200698852539
1051,1382,1345.0,2.993345260620117
1052,1420,1371.5,3.026247024536133
1053,1433,1341.75,2.5963783264160156
1054,1444,1353.25,4.021167755126953
1055,1418,1376.625,3.6399364471435547
1056,1433,1384.75,3.021717071533203
1057,1442,1348.5,2.991199493408203
1058,1421,1342.5,3.47137451171875
1059,1399,1362.25,3.024578094482422
1060,1414,1348.0,4.562854766845703
1061,1425,1370.625,4.169225692749023
1062,1444,1352.25,3.370046615600586
1063,1426,1348.75,3.9892196655273438
1064,1365,1333.125,3.651142120361328
1065,1411,1355.125,4.020929336547852
1066,1423,1385.625,3.0226707458496094
1067,1419,1373.625,3.0171871185302734
1068,1376,1340.0,2.028942108154297
1069,1429,1362.875,3.376007080078125
1070,1454,1392.125,4.024028778076172
1071,1414,1358.375,3.598451614379883
1072,1407,1367.125,5.043745040893555
1073,1395,1354.875,3.567934036254883
1074,1429,1362.375,3.9827823638916016
1075,1417,1363.125,2.564668655395508
1076,1430,1342.25,3.993511199951172
1077,1414,1341.625,3.0260086059570312
1078,1450,1378.875,3.016233444213867
1079,1444,1374.25,3.537416458129883
1080,1433,1367.25,3.307819366455078
1081,1392,1365.375,4.024267196655273
1082,1401,1350.875,2.5691986083984375
1083,1385,1341.875,3.561735153198242
1084,1403,1377.0,2.9168128967285156
1085,1433,1365.5,2.9926300048828125
1086,1424,1351.25,3.518819808959961
1087,1413,1357.5,3.478527069091797
1088,1396,1337.625,3.988981246948242
1089,1436,1378.5,2.9985904693603516
1090,1439,1369.0,3.9908885955810547
1091,1427,1388.625,4.521846771240234
1092,1431,1377.25,3.0241012573242188
1093,1411,1346.5,2.6144981384277344
1094,1392,1353.875,3.9894580841064453
1095,1416,1359.375,4.276752471923828
1096,1424,1350.5,3.0231475830078125
1097,1418,1345.375,2.021312713623047
1098,1399,1347.375,4.998207092285156
1099,1454,1354.25,5.508184432983398
1100,1422,1343.25,3.0252933502197266
1101,1420,1359.375,4.024028778076172
1102,1425,1379.875,4.431724548339844
1103,1427,1349.0,2.9916763305664062
1104,1393,1339.0,3.0469894409179688
1105,1386,1347.875,3.9975643157958984
1106,1426,1371.25,4.538536071777344
1107,1427,1366.75,2.9909610748291016
1108,1416,1382.875,2.567768096923828
1109,1435,1376.125,3.991842269897461
1110,1402,1350.125,3.0264854431152344
1111,1431,1358.375,3.023386001586914
1112,1423,1350.5,2.9952526092529297
1113,1395,1342.25,3.0264854431152344
1114,1411,1357.75,3.026247024536133
1115,1427,1355.125,3.5550594329833984
1116,1380,1343.75,3.9892196655273438
1117,1404,1350.875,2.547740936279297
1118,1436,1377.875,3.0241012573242188
1119,1413,1362.625,2.5653839111328125
1120,1437,1372.375,4.020929336547852
1121,1411,1370.0,3.4906864166259766
1122,1380,1335.25,3.0243396759033203
1123,1438,1369.0,3.5331249237060547
1124,1405,1368.75,4.292488098144531
1125,1407,1348.875,2.022981643676758
1126,1403,1349.25,3.029346466064453
1127,1416,1360.625,4.041433334350586
1128,1429,1381.125,3.026247024536133
1129,1440,1394.75,3.027677536010742
1130,1438,1362.375,3.597259521484375
1131,1430,1379.25,3.011465072631836
1132,1408,1342.375,2.5985240936279297
1133,1435,1360.5,3.997325897216797
1134,1423,1382.875,2.992391586303711
1135,1420,1378.125,4.0187835693359375
1136,1405,1372.5,2.988576889038086
1137,1434,1373.625,3.020763397216797
1138,1405,1355.0,3.991842269897461
1139,1439,1368.5,3.5741329193115234
1140,1441,1385.875,3.015279769897461
1141,1443,1371.5,3.5860538482666016
1142,1444,1360.375,4.013776779174805
1143,1422,1384.25,3.0181407928466797
1144,1450,1372.25,3.114938735961914
1145,1448,1370.0,3.982067108154297
1146,1412,1356.375,4.944324493408203
1147,1439,1376.375,3.9894580841064453
1148,1441,1360.625,2.557992935180664
1149,1450,1383.375,3.0143260955810547
1150,1410,1356.875,3.024578094482422
1151,1428,1374.375,3.23486328125
1152,1410,1347.625,3.0269622802734375
1153,1416,1361.375,3.5598278045654297
1154,1449,1385.625,3.993511199951172
1155,1391,1354.0,2.028226852416992
1156,1417,1362.875,2.9876232147216797
1157,1446,1376.125,2.994537353515625
1158,1397,1358.125,4.415750503540039
1159,1436,1386.875,3.015279769897461
1160,1436,1383.375,3.6008358001708984
1161,1425,1378.0,3.9930343627929688
1162,1429,1348.25,2.6078224182128906
1163,1385,1331.0,3.0164718627929688
1164,1440,1378.125,3.018617630004883
1165,1439,1356.375,3.994464874267578
1166,1431,1361.625,2.0215511322021484
1167,1423,1341.25,3.011465072631836
1168,1412,1349.375,3.0286312103271484
1169,1390,1337.375,3.2351016998291016
1170,1433,1352.875,3.027677536010742
1171,1439,1378.0,2.5663375854492188
1172,1432,1351.625,3.5157203674316406
1173,1443,1371.375,4.019260406494141
1174,1436,1357.75,4.024028778076172
1175,1409,1359.25,3.0193328857421875
1176,1442,1377.25,4.72712516784668
1177,1423,1375.625,3.015756607055664
1178,1408,1342.5,3.082275390625
1179,1422,1372.75,3.0138492584228516
1180,1421,1363.875,4.178762435913086
1181,1399,1337.625,3.9873123168945312
1182,1425,1350.125,3.6110877990722656
1183,1435,1344.625,2.9926300048828125
1184,1442,1405.625,4.019975662231445
1185,1404,1352.25,4.375934600830078
1186,1450,1363.25,3.0155181884765625
1187,1395,1357.0,4.048824310302734
1188,1434,1369.625,3.0143260955810547
1189,1416,1367.25,3.549337387084961
1190,1433,1359.25,3.0260086059570312
1191,1440,1351.375,4.502296447753906
1192,1441,1382.875,2.9942989349365234
1193,1429,1364.25,3.5784244537353516
1194,1427,1364.125,3.564596176147461
1195,1422,1363.625,4.491090774536133
1196,1429,1396.125,4.02379035949707
1197,1450,1383.0,3.0317306518554688
1198,1419,1374.125,3.496408462524414
1199,1434,1379.5,3.027200698852539
1200,1425,1355.875,3.5524368286132812
1201,1433,1377.75,3.022909164428711
1202,1444,1363.375,4.085540771484375
1203,1425,1369.125,3.0231475830078125
1204,1426,1380.125,2.507448196411133
1205,1430,1348.125,4.025936126708984
1206,1444,1376.875,3.987550735473633
1207,1414,1356.375,3.4029483795166016
1208,1413,1364.375,3.0274391174316406
1209,1440,1389.875,3.5932064056396484
1210,1429,1383.0,6.48188591003418
1211,1421,1383.875,6.984472274780273
1212,1432,1379.25,7.53331184387207
1213,1433,1341.875,6.493330001831055
1214,1389,1358.5,5.498409271240234
1215,1400,1332.125,6.983518600463867
1216,1366,1321.25,5.645513534545898
1217,1443,1366.625,3.0863285064697266
1218,1429,1365.25,3.029346466064453
1219,1389,1338.125,2.991914749145508
1220,1448,1364.25,3.543853759765625
1221,1438,1382.625,4.021167755126953
1222,1439,1385.625,3.618478775024414
1223,1411,1373.25,3.9932727813720703
1224,1395,1348.75,3.5910606384277344
1225,1426,1378.375,3.0260086059570312
1226,1419,1364.5,2.01416015625
1227,1416,1352.0,3.9930343627929688
1228,1416,1370.625,4.02069091796875
1229,1403,1346.125,3.3922195434570312
1230,1395,1374.625,3.0236244201660156
1231,1400,1339.375,3.5703182220458984
1232,1432,1388.75,3.0274391174316406
1233,1439,1406.75,3.0112266540527344
1234,1434,1365.375,3.092527389526367
1235,1398,1335.875,3.988981246948242
1236,1399,1364.375,2.1812915802001953
1237,1424,1340.375,3.986835479736328
1238,1434,1367.25,2.562999725341797
1239,1441,1345.625,4.024505615234375
1240,1411,1347.25,3.02886962890625
1241,1390,1341.25,4.446506500244141
1242,1433,1350.125,2.9952526092529297
1243,1414,1381.625,4.58216667175293
1244,1422,1366.5,4.015684127807617
1245,1424,1366.875,3.5660266876220703
1246,1401,1340.75,2.9947757720947266
1247,1444,1376.875,2.6183128356933594
1248,1437,1350.5,3.0226707458496094
1249,1426,1369.75,2.0294189453125
1250,1419,1353.5,3.991365432739258
1251,1411,1358.625,4.020929336547852
1252,1421,1369.0,2.5675296783447266
1253,1432,1372.125,3.0307769775390625
1254,1393,1328.75,3.5676956176757812
1255,1430,1334.25,3.020763397216797
1256,1429,1366.25,2.563953399658203
1257,1384,1353.5,3.496885299682617
1258,1382,1352.125,4.556894302368164
1259,1379,1338.875,3.026247024536133
1260,1423,1363.625,3.0193328857421875
1261,1397,1361.875,4.203081130981445
1262,1413,1348.125,2.9914379119873047
1263,1423,1362.125,3.0591487884521484
1264,1413,1357.25,3.0269622802734375
1265,1405,1327.375,4.492044448852539
1266,1390,1345.5,2.5501251220703125
1267,1420,1352.625,3.5495758056640625
1268,1406,1326.5,3.020763397216797
1269,1396,1350.375,4.962682723999023
1270,1431,1378.5,3.026723861694336
1271,1392,1339.125,2.9687881469726562
1272,1427,1386.125,3.59344482421875
1273,1401,1352.0,4.02069091796875
1274,1423,1373.875,3.0677318572998047
1275,1431,1366.875,3.017902374267578
1276,1430,1370.5,4.503965377807617
1277,1411,1362.875,4.024744033813477
1278,1412,1344.5,2.5644302368164062
1279,1444,1373.5,3.694295883178711
1280,1436,1343.75,4.020929336547852
1281,1419,1362.25,3.023386001586914
1282,1439,1385.375,3.017902374267578
1283,1421,1339.625,4.540920257568359
1284,1388,1339.375,3.014802932739258
1285,1432,1386.5,3.453493118286133
1286,1433,1373.375,3.015756607055664
1287,1396,1342.375,3.7856101989746094
1288,1413,1352.0,3.015756607055664
1289,1417,1383.0,3.0205249786376953
1290,1438,1356.375,3.1158924102783203
1291,1434,1382.0,3.993511199951172
1292,1434,1365.125,3.6334991455078125
1293,1407,1357.125,2.9914379119873047
1294,1390,1347.0,3.527402877807617
1295,1439,1374.375,4.020452499389648
1296,1431,1368.25,3.5636425018310547
1297,1405,1340.125,4.02069091796875
1298,1388,1359.25,2.991199493408203
1299,1408,1334.625,3.7364959716796875
1300,1448,1376.125,4.021406173706055
1301,1420,1397.875,2.6023387908935547
1302,1399,1363.75,3.545522689819336
1303,1429,1395.75,3.1890869140625
1304,1445,1368.875,4.390954971313477
1305,1426,1390.625,2.2363662719726562
1306,1433,1385.0,4.117250442504883
1307,1431,1348.75,3.988504409790039
1308,1438,1364.375,3.015279769897461
1309,1408,1364.5,2.9954910278320312
1310,1436,1382.0,4.041433334350586
1311,1402,1365.125,4.019498825073242
1312,1444,1366.5,2.6433467864990234
1313,1439,1368.625,3.9904117584228516
1314,1416,1355.0,3.545999526977539
1315,1425,1355.25,2.991199493408203
1316,1448,1395.375,2.621889114379883
1317,1420,1323.5,5.195379257202148
1318,1446,1401.625,2.550840377807617
1319,1418,1358.0,3.017425537109375
1320,1414,1369.75,3.992795944213867
1321,1434,1340.5,3.5619735717773438
1322,1450,1383.375,3.0236244201660156
1323,1413,1341.625,3.5941600799560547
1324,1434,1375.75,4.535913467407227
1325,1440,1379.375,2.5968551635742188
1326,1441,1354.75,3.0226707458496094
1327,1439,1368.125,3.548145294189453
1328,1427,1381.75,4.015684127807617
1329,1442,1390.0,3.0264854431152344
1330,1406,1355.25,2.9973983764648438
1331,1443,1370.75,3.992319107055664
1332,1421,1337.625,3.1821727752685547
1333,1401,1366.75,4.021406173706055
1334,1430,1373.875,2.565622329711914
1335,1407,1377.875,4.254341125488281
1336,1430,1379.75,10.35451889038086
1337,1405,1360.25,4.0187835693359375
1338,1400,1365.75,6.153583526611328
1339,1435,1349.25,5.022287368774414
1340,1412,1374.5,2.650022506713867
1341,1421,1357.875,4.021644592285156
1342,1412,1320.0,2.028942108154297
1343,1450,1372.625,3.277301788330078
1344,1431,1368.5,3.9784908294677734
1345,1422,1365.25,3.7713050842285156
1346,1431,1380.625,3.99017333984375
1347,1405,1365.25,2.597332000732422
1348,1444,1384.375,3.963947296142578
1349,1396,1341.75,3.5560131072998047
1350,1439,1382.875,3.0188560485839844
1351,1412,1368.25,3.026723861694336
1352,1413,1359.5,3.0074119567871094
1353,1409,1346.625,3.022909164428711
1354,1410,1336.875,3.977537155151367
1355,1436,1369.75,3.0133724212646484
1356,1440,1366.0,4.282236099243164
1357,1430,1373.875,3.0150413513183594
1358,1421,1360.75,3.0171871185302734
1359,1444,1388.125,4.417657852172852
1360,1429,1353.5,4.498481750488281
1361,1435,1386.625,3.026247024536133
1362,1436,1385.5,3.0198097229003906
1363,1444,1353.0,3.558635711669922
1364,1442,1379.375,4.011869430541992
1365,1410,1352.75,3.5822391510009766
1366,1446,1360.25,3.991365432739258
1367,1432,1380.25,2.994537353515625
1368,1446,1374.75,3.0794143676757812
1369,1444,1393.5,3.0286312103271484
1370,1431,1358.0,3.569364547729492
1371,1418,1387.625,3.0007362365722656
1372,1416,1381.0,2.6040077209472656
1373,1413,1350.5,3.014802932739258
1374,1452,1357.875,3.019094467163086
1375,1440,1375.875,4.296541213989258
1376,1410,1336.25,3.223419189453125
1377,1450,1347.25,3.476381301879883
1378,1430,1371.25,3.0231475830078125
1379,1415,1328.625,3.6764144897460938
1380,1432,1376.0,3.024578094482422
1381,1433,1388.875,2.992391586303711
1382,1425,1379.375,3.2219886779785156
1383,1444,1373.5,4.4956207275390625
1384,1442,1355.0,3.0879974365234375
1385,1432,1375.75,2.564668655395508
1386,1435,1375.125,3.63922119140625
1387,1444,1400.375,4.020929336547852
1388,1432,1364.5,3.544330596923828
1389,1427,1371.5,4.419565200805664
1390,1438,1368.5,2.99072265625
1391,1419,1367.75,3.017902374267578
1392,1425,1340.875,3.0138492584228516
1393,1410,1359.875,3.2486915588378906
1394,1427,1373.375,2.9973983764648438
1395,1417,1356.75,2.5441646575927734
1396,1437,1357.375,3.022432327270508
1397,1425,1357.125,4.017114639282227
1398,1435,1380.5,4.453420639038086
1399,1392,1347.5,3.0159950256347656
1400,1450,1392.5,3.0324459075927734
1401,1420,1367.125,3.015279769897461
1402,1437,1389.125,4.194974899291992
1403,1420,1364.875,3.0159950256347656
1404,1445,1389.125,2.553701400756836
1405,1424,1350.125,3.0176639556884766
1406,1418,1363.25,4.521846771240234
1407,1404,1353.75,3.0241012573242188
1408,1431,1382.75,2.991914749145508
1409,1430,1387.625,4.661083221435547
1410,1442,1349.75,3.0126571655273438
1411,1397,1344.625,2.6373863220214844
1412,1422,1373.125,4.020929336547852
1413,1441,1377.875,3.5440921783447266
1414,1440,1357.125,3.024578094482422
1415,1445,1393.5,3.543376922607422
1416,1439,1364.375,4.458427429199219
1417,1425,1363.0,3.9899349212646484
1418,1418,1336.75,4.023551940917969
1419,1421,1371.875,3.0269622802734375
1420,1449,1388.625,3.854990005493164
1421,1411,1382.125,4.022359848022461
1422,1431,1350.625,3.5614967346191406
1423,1440,1369.5,3.026723861694336
1424,1440,1364.0,4.345893859863281
1425,1389,1345.375,3.0159950256347656
1426,1436,1361.125,3.548860549926758
1427,1438,1381.875,4.0149688720703125
1428,1415,1359.0,4.171848297119141
1429,1446,1390.125,3.018617630004883
1430,1441,1386.25,3.0164718627929688
1431,1429,1339.0,3.5102367401123047
1432,1402,1359.125,4.020214080810547
1433,1433,1376.0,3.6427974700927734
1434,1399,1329.875,3.0269622802734375
1435,1437,1364.125,2.9947757720947266
1436,1422,1371.875,3.993511199951172
1437,1436,1346.625,2.9914379119873047
1438,1388,1342.75,2.4712085723876953
1439,1421,1373.75,3.9925575256347656
1440,1440,1334.75,3.0591487884521484
1441,1444,1393.625,3.026247024536133
1442,1409,1357.25,2.5680065155029297
1443,1427,1328.0,4.014730453491211
1444,1429,1374.5,2.5475025177001953
1445,1450,1386.125,3.9641857147216797
1446,1412,1346.75,3.5843849182128906
1447,1440,1368.75,3.0205249786376953
1448,1448,1358.0,2.0265579223632812
1449,1390,1348.625,3.020048141479492
1450,1442,1370.875,4.425287246704102
1451,1416,1365.25,3.587007522583008
1452,1435,1341.75,2.994060516357422
1453,1445,1382.75,2.588033676147461
1454,1439,1361.0,4.015445709228516
1455,1392,1356.375,3.6382675170898438
1456,1438,1354.0,3.018617630004883
1457,1404,1335.0,2.9942989349365234
1458,1429,1385.375,3.0269622802734375
1459,1433,1358.75,2.9909610748291016
1460,1407,1385.25,3.9260387420654297
1461,1401,1352.625,4.015684127807617
1462,1412,1337.25,2.4542808532714844
1463,1434,1342.25,2.994060516357422
1464,1428,1353.5,3.0183792114257812
1465,1408,1345.625,4.012584686279297
1466,1432,1350.75,3.564596176147461
1467,1375,1326.125,3.0221939086914062
1468,1417,1343.5,3.5979747772216797
1469,1374,1335.625,3.018617630004883
1470,1434,1381.375,3.0176639556884766
1471,1422,1363.875,2.4552345275878906
1472,1420,1382.375,3.576517105102539
1473,1408,1358.5,3.0944347381591797
1474,1387,1350.75,3.027200698852539
1475,1390,1337.875,3.892660140991211
1476,1433,1357.125,4.01759147644043
1477,1394,1363.0,3.599405288696289
1478,1411,1367.625,2.994537353515625
1479,1403,1357.5,3.5643577575683594
1480,1416,1352.25,2.9926300048828125
1481,1420,1348.5,2.612590789794922
1482,1406,1342.75,3.2689571380615234
1483,1402,1353.25,4.021406173706055
1484,1399,1355.875,3.0264854431152344
1485,1448,1355.625,3.0269622802734375
1486,1432,1383.625,3.8576126098632812
1487,1424,1343.0,3.016948699951172
1488,1416,1372.375,3.5021305084228516
1489,1435,1387.75,3.0167102813720703
1490,1435,1360.625,4.039287567138672
1491,1428,1356.625,3.026723861694336
1492,1442,1392.875,3.026723861694336
1493,1409,1360.0,3.0269622802734375
1494,1435,1377.5,4.029750823974609
1495,1405,1343.0,2.9964447021484375
1496,1440,1361.125,2.9942989349365234
1497,1417,1373.0,2.5568008422851562
1498,1419,1370.25,4.011631011962891
1499,1430,1387.125,2.561330795288086
1500,1397,1362.125,3.015279769897461
1501,1440,1378.0,3.9937496185302734
1502,1412,1354.125,3.018617630004883
1503,1436,1376.875,2.9909610748291016
1504,1405,1350.375,3.0689239501953125
1505,1430,1381.625,4.0130615234375
1506,1432,1380.625,2.5763511657714844
1507,1430,1380.25,3.9832592010498047
1508,1440,1371.625,3.5729408264160156
1509,1446,1378.125,3.022432327270508
1510,1395,1372.25,3.569364547729492
1511,1443,1361.875,3.0264854431152344
1512,1427,1379.0,3.020763397216797
1513,1443,1350.25,4.599571228027344
1514,1400,1350.5,3.0281543731689453
1515,1448,1359.0,3.5293102264404297
1516,1425,1360.875,3.991842269897461
1517,1427,1372.125,2.5658607482910156
1518,1411,1345.5,3.981351852416992
1519,1442,1354.125,2.017498016357422
1520,1397,1346.375,4.0493011474609375
1521,1432,1363.75,3.018617630004883
1522,1422,1365.75,3.6182403564453125
1523,1385,1347.625,3.0858516693115234
1524,1439,1364.625,4.385709762573242
1525,1416,1345.0,4.0149688720703125
1526,1413,1358.625,1.9938945770263672
1527,1379,1321.25,3.018617630004883
1528,1398,1363.625,3.987550735473633
1529,1450,1346.75,3.094196319580078
1530,1421,1380.25,3.0252933502197266
1531,1423,1370.625,4.256248474121094
1532,1420,1347.0,4.006147384643555
1533,1439,1356.0,3.5724639892578125
1534,1448,1375.625,3.027200698852539
1535,1443,1378.5,4.847526550292969
1536,1432,1384.875,3.0164718627929688
1537,1431,1375.5,3.545522689819336
1538,1431,1355.0,4.264354705810547
1539,1425,1377.375,3.6344528198242188
1540,1433,1392.625,3.134012222290039
1541,1401,1375.75,3.0286312103271484
1542,1403,1347.5,4.595041275024414
1543,1403,1334.5,4.0149688720703125
1544,1434,1372.375,3.6020278930664062
1545,1411,1344.75,3.0241012573242188
1546,1421,1360.625,4.565000534057617
1547,1413,1349.0,3.025531768798828
1548,1416,1344.5,3.640413284301758
1549,1390,1335.25,3.0279159545898438
1550,1391,1359.625,4.01759147644043
1551,1443,1342.625,3.1392574310302734
1552,1422,1370.75,3.02886962890625
1553,1412,1358.625,4.514932632446289
1554,1435,1371.625,2.994537353515625
1555,1433,1377.0,3.4995079040527344
1556,1401,1368.125,2.991914749145508
1557,1408,1347.75,4.504680633544922
1558,1397,1339.75,3.023386001586914
1559,1427,1334.875,3.6504268646240234
1560,1422,1361.0,4.021644592285156
1561,1414,1348.375,3.3833980560302734
1562,1406,1338.125,3.037691116333008
1563,1431,1364.25,3.0264854431152344
1564,1425,1355.25,3.607034683227539
1565,1429,1370.75,4.019498825073242
1566,1412,1339.375,2.5634765625
1567,1417,1344.0,4.023075103759766
1568,1450,1370.375,4.503965377807617
1569,1433,1341.0,3.018617630004883
1570,1410,1358.5,4.019021987915039
1571,1397,1353.5,2.9947757720947266
1572,1427,1372.0,4.565000534057617
1573,1428,1372.375,2.9976367950439453
1574,1440,1367.75,2.9942989349365234
1575,1416,1376.875,3.991365432739258
1576,1440,1399.5,4.024028778076172
1577,1444,1348.625,3.426790237426758
1578,1441,1364.875,3.0176639556884766
1579,1421,1352.25,4.116296768188477
1580,1416,1354.25,3.0176639556884766
1581,1404,1336.375,2.0296573638916016
1582,1420,1367.875,3.0183792114257812
1583,1435,1377.75,4.585504531860352
1584,1438,1358.125,3.6232471466064453
1585,1445,1371.75,1.9974708557128906
1586,1439,1377.5,3.644704818725586
1587,1393,1347.375,4.9839019775390625
1588,1378,1332.875,3.496885299682617
1589,1440,1388.25,3.9908885955810547
1590,1410,1348.25,4.075288772583008
1591,1402,1346.75,3.318309783935547
1592,1418,1365.0,3.9892196655273438
1593,1413,1361.75,3.0853748321533203
1594,1425,1347.375,4.015684127807617
1595,1447,1371.375,3.5712718963623047
1596,1444,1383.875,4.028081893920898
1597,1427,1367.625,2.572298049926758
1598,1378,1352.0,3.0205249786376953
1599,1445,1367.25,3.5567283630371094
1600,1444,1373.5,3.018617630004883
1601,1435,1395.375,2.995729446411133
1602,1430,1379.5,4.003286361694336
1603,1443,1351.625,2.992868423461914
1604,1401,1336.875,3.643512725830078
1605,1439,1350.75,3.9916038513183594
1606,1425,1362.875,3.9205551147460938
1607,1414,1349.25,3.0159950256347656
1608,1426,1380.125,3.5445690155029297
1609,1399,1353.5,4.434823989868164
1610,1427,1377.875,3.0167102813720703
1611,1428,1379.875,3.0264854431152344
1612,1440,1383.125,3.9942264556884766
1613,1429,1393.0,3.5827159881591797
1614,1450,1397.125,2.994060516357422
1615,1437,1399.25,2.5653839111328125
1616,1411,1345.0,3.957509994506836
1617,1401,1345.375,2.645730972290039
1618,1444,1352.0,3.0164718627929688
1619,1422,1365.0,2.995014190673828
1620,1432,1392.125,4.020214080810547
1621,1432,1381.625,3.988504409790039
1622,1446,1387.75,4.043817520141602
1623,1407,1367.625,3.020048141479492
1624,1432,1331.125,3.6356449127197266
1625,1436,1372.375,3.0159950256347656
1626,1418,1362.25,4.017353057861328
1627,1429,1357.125,4.112482070922852
1628,1358,1330.625,3.1752586364746094
1629,1421,1363.875,3.049612045288086
1630,1438,1335.375,3.0133724212646484
1631,1435,1371.5,3.6025047302246094
1632,1424,1357.5,3.0243396759033203
1633,1450,1390.875,2.5649070739746094
1634,1419,1371.75,3.0183792114257812
1635,1456,1370.875,4.477977752685547
1636,1397,1356.375,4.372596740722656
1637,1434,1390.625,2.9916763305664062
1638,1405,1353.5,3.610372543334961
1639,1417,1346.875,4.022836685180664
1640,1440,1352.75,3.5698413848876953
1641,1426,1357.5,3.015756607055664
1642,1412,1346.875,2.020597457885742
1643,1448,1361.5,4.665851593017578
1644,1413,1363.0,2.83050537109375
1645,1439,1373.875,3.0214786529541016
1646,1405,1346.875,3.0183792114257812
1647,1431,1365.125,4.5986175537109375
1648,1359,1330.875,3.0231475830078125
1649,1398,1335.0,3.5016536712646484
1650,1416,1361.5,3.129243850708008
1651,1415,1348.625,4.076719284057617
1652,1443,1350.875,3.156423568725586
1653,1439,1380.5,2.5663375854492188
1654,1429,1357.625,4.606008529663086
1655,1406,1365.0,3.023386001586914
1656,1449,1355.0,3.556966781616211
1657,1422,1373.5,3.0241012573242188
1658,1425,1355.25,4.195690155029297
1659,1434,1364.875,4.012823104858398
1660,1405,1328.125,3.0298233032226562
1661,1409,1361.125,4.423856735229492
1662,1416,1348.0,4.023551940917969
1663,1395,1358.625,3.041505813598633
1664,1435,1338.125,3.026723861694336
1665,1429,1369.375,3.556966781616211
1666,1427,1368.375,2.980947494506836
1667,1410,1348.625,3.5135746002197266
1668,1442,1364.875,4.024744033813477
1669,1391,1340.125,3.583192825317383
1670,1431,1363.375,3.3669471740722656
1671,1397,1318.375,3.023386001586914
1672,1446,1354.25,4.612445831298828
1673,1433,1377.25,3.5059452056884766
1674,1382,1350.25,3.632068634033203
1675,1403,1351.125,3.0164718627929688
1676,1423,1362.375,3.0183792114257812
1677,1386,1351.5,4.075288772583008
1678,1424,1385.625,4.015922546386719
1679,1422,1333.0,3.5207271575927734
1680,1438,1357.875,3.0133724212646484
1681,1397,1351.625,3.619670867919922
1682,1443,1376.125,3.0159950256347656
1683,1418,1362.5,2.5064945220947266
1684,1429,1345.125,3.991842269897461
1685,1442,1382.75,3.0133724212646484
1686,1418,1344.625,5.463838577270508
1687,1441,1357.125,6.528377532958984
1688,1438,1361.0,6.492853164672852
1689,1442,1359.875,6.498813629150391
1690,1427,1373.75,4.019975662231445
1691,1399,1336.875,7.493495941162109
1692,1430,1350.0,5.125284194946289
1693,1398,1358.0,3.029346466064453
1694,1421,1356.75,2.645730972290039
1695,1445,1371.75,5.0220489501953125
1696,1438,1382.0,3.566265106201172
1697,1379,1338.625,4.296064376831055
1698,1424,1360.0,2.9959678649902344
1699,1437,1365.125,3.4737586975097656
1700,1421,1357.125,3.0236244201660156
1701,1424,1349.25,3.5512447357177734
1702,1421,1364.375,3.9942264556884766
1703,1390,1344.125,3.5974979400634766
1704,1420,1353.75,3.023862838745117
1705,1400,1362.625,3.5593509674072266
1706,1425,1363.875,4.230022430419922
1707,1414,1364.0,3.0291080474853516
1708,1416,1348.625,2.9954910278320312
1709,1431,1353.125,3.0226707458496094
1710,1417,1369.25,3.935098648071289
1711,1438,1376.5,3.027677536010742
1712,1414,1354.625,3.619670867919922
1713,1420,1362.0,2.992391586303711
1714,1442,1389.5,2.7141571044921875
1715,1436,1358.25,3.124237060546875
1716,1427,1346.0,3.0241012573242188
1717,1424,1380.5,4.551887512207031
1718,1444,1362.625,4.024267196655273
1719,1426,1356.5,3.830432891845703
1720,1442,1391.0,3.0248165130615234
1721,1427,1367.375,4.113197326660156
1722,1408,1341.375,4.013299942016602
1723,1417,1375.25,3.551959991455078
1724,1412,1351.875,3.3669471740722656
1725,1443,1392.375,3.0176639556884766
1726,1440,1369.375,3.4732818603515625
1727,1416,1364.375,3.025531768798828
1728,1444,1373.125,2.5789737701416016
1729,1444,1386.75,3.0159950256347656
1730,1446,1377.75,3.6292076110839844
1731,1428,1356.5,3.016948699951172
1732,1438,1386.875,4.501819610595703
1733,1438,1348.75,4.023313522338867
1734,1415,1372.375,2.9916763305664062
1735,1412,1362.25,3.5889148712158203
1736,1399,1341.375,3.99017333984375
1737,1412,1376.5,4.570245742797852
1738,1430,1382.5,3.0281543731689453
1739,1433,1385.625,3.0226707458496094
1740,1444,1389.875,4.387140274047852
1741,1422,1371.75,3.0260086059570312
1742,1426,1360.0,3.023386001586914
1743,1442,1368.625,3.0264854431152344
1744,1433,1368.625,5.229711532592773
1745,1414,1341.125,3.023862838745117
1746,1433,1397.0,2.5382041931152344
1747,1429,1355.0,3.996610641479492
1748,1398,1361.0,3.6568641662597656
1749,1441,1392.75,4.261016845703125
1750,1434,1361.875,3.0155181884765625
1751,1434,1370.375,2.9981136322021484
1752,1419,1369.625,3.022432327270508
1753,1433,1324.375,2.4983882904052734
1754,1440,1340.625,3.0257701873779297
1755,1413,1371.25,5.529165267944336
1756,1423,1379.375,2.9916763305664062
1757,1433,1379.125,2.5653839111328125
1758,1420,1362.0,3.992319107055664
1759,1441,1366.375,3.573179244995117
1760,1410,1351.875,3.3686161041259766
1761,1438,1363.25,3.0150413513183594
1762,1386,1331.125,3.9632320404052734
1763,1443,1367.75,2.99072265625
1764,1436,1366.0,3.043651580810547
1765,1432,1361.375,3.991842269897461
1766,1418,1378.25,4.522562026977539
1767,1446,1394.125,4.021644592285156
1768,1427,1402.375,3.505706787109375
1769,1402,1351.25,3.9932727813720703
1770,1437,1377.875,3.9725303649902344
1771,1442,1367.375,4.370927810668945
1772,1440,1367.25,3.019094467163086
1773,1411,1360.0,5.582332611083984
1774,1423,1384.75,2.991199493408203
1775,1410,1355.75,3.538370132446289
1776,1436,1364.125,2.994537353515625
1777,1423,1371.25,3.885984420776367
1778,1418,1339.75,3.0164718627929688
1779,1422,1346.25,3.548145294189453
1780,1431,1368.75,4.1751861572265625
1781,1441,1373.875,4.305839538574219
1782,1425,1357.375,2.497434616088867
1783,1395,1361.125,3.015279769897461
1784,1399,1364.875,3.2880306243896484
1785,1442,1368.875,4.019737243652344
1786,1446,1380.25,2.6361942291259766
1787,1427,1334.625,4.021167755126953
1788,1444,1370.75,2.998828887939453
1789,1439,1369.25,3.422260284423828
1790,1429,1373.0,4.004240036010742
1791,1421,1361.75,3.5638809204101562
1792,1439,1363.75,5.016326904296875
1793,1448,1380.75,3.5753250122070312
1794,1404,1353.875,3.019094467163086
1795,1430,1361.625,3.615140914916992
1796,1418,1356.875,3.0221939086914062
1797,1412,1366.5,4.015207290649414
1798,1414,1369.375,3.1082630157470703
1799,1425,1358.75,3.9892196655273438
1800,1398,1354.875,3.5505294799804688
1801,1437,1348.125,3.0281543731689453
1802,1434,1353.875,3.644227981567383
1803,1436,1351.75,2.9969215393066406
1804,1436,1389.0,3.8907527923583984
1805,1438,1363.875,2.991914749145508
1806,1434,1381.375,2.9942989349365234
1807,1433,1367.25,5.65648078918457
1808,1433,1371.875,3.0279159545898438
1809,1427,1391.5,3.088235855102539
1810,1429,1385.625,2.9921531677246094
1811,1433,1354.375,2.5031566619873047
1812,1435,1356.875,3.0210018157958984
1813,1420,1359.0,2.6199817657470703
1814,1435,1355.75,5.03087043762207
1815,1418,1378.875,3.589153289794922
1816,1433,1367.125,3.0226707458496094
1817,1404,1347.5,3.5698413848876953
1818,1440,1383.75,4.095315933227539
1819,1414,1374.0,2.9942989349365234
1820,1405,1353.75,3.0210018157958984
1821,1423,1371.625,3.9899349212646484
1822,1395,1341.75,5.2280426025390625
1823,1397,1314.625,3.015279769897461
1824,1435,1382.25,3.0701160430908203
1825,1417,1358.25,3.653287887573242
1826,1398,1349.25,3.5881996154785156
1827,1442,1401.5,2.994537353515625
1828,1438,1364.625,2.6373863220214844
1829,1387,1346.0,4.026174545288086
1830,1379,1345.0,3.024578094482422
1831,1424,1386.5,3.137826919555664
1832,1400,1354.875,2.9954910278320312
1833,1436,1378.625,4.604339599609375
1834,1418,1365.0,3.0241012573242188
1835,1432,1393.25,2.5620460510253906
1836,1427,1371.375,3.960132598876953
1837,1431,1395.5,2.6121139526367188
1838,1440,1380.5,3.016948699951172
1839,1436,1369.625,3.016233444213867
1840,1446,1374.375,4.136562347412109
1841,1443,1342.25,3.0231475830078125
1842,1429,1347.5,4.573583602905273
1843,1376,1341.625,3.014802932739258
1844,1421,1375.0,4.260063171386719
1845,1441,1367.75,3.988504409790039
1846,1418,1344.0,3.2465457916259766
1847,1407,1343.625,5.6133270263671875
1848,1394,1340.375,3.5288333892822266
1849,1399,1345.625,3.023386001586914
1850,1409,1375.875,3.5669803619384766
1851,1399,1347.75,3.0231475830078125
1852,1433,1363.625,3.6439895629882812
1853,1427,1383.0,3.025531768798828
1854,1412,1363.0,2.9926300048828125
1855,1401,1356.125,3.0891895294189453
1856,1413,1380.375,4.021167755126953
1857,1418,1380.25,2.5968551635742188
1858,1396,1362.75,3.99017333984375
1859,1433,1352.5,2.5725364685058594
1860,1414,1341.375,3.0176639556884766
1861,1423,1378.0,3.0324459075927734
1862,1420,1377.0,5.185365676879883
1863,1450,1372.125,3.0295848846435547
1864,1402,1357.25,3.0260086059570312
1865,1436,1362.125,2.991199493408203
1866,1429,1368.125,4.326105117797852
1867,1402,1344.875,3.015279769897461
1868,1410,1369.25,2.6085376739501953
1869,1435,1371.625,3.9894580841064453
1870,1396,1341.75,4.175662994384766
1871,1421,1347.0,3.040313720703125
1872,1403,1325.75,3.020763397216797
1873,1421,1339.875,4.260063171386719
1874,1425,1342.875,3.0188560485839844
1875,1394,1368.0,2.577066421508789
1876,1445,1354.75,4.0035247802734375
1877,1436,1379.875,4.492044448852539
1878,1437,1359.625,3.0248165130615234
1879,1390,1354.25,4.024744033813477
1880,1419,1335.875,6.175994873046875
1881,1430,1361.5,3.581523895263672
1882,1427,1354.625,2.9904842376708984
1883,1394,1347.375,3.0150413513183594
1884,1396,1346.625,5.109548568725586
1885,1450,1356.375,3.0231475830078125
1886,1425,1362.875,3.2172203063964844
1887,1399,1344.375,5.498647689819336
1888,1432,1374.25,3.330230712890625
1889,1419,1381.5,2.9921531677246094
1890,1410,1340.75,4.156827926635742
1891,1414,1334.375,7.219791412353516
1892,1411,1333.5,2.9914379119873047
1893,1416,1358.0,3.4999847412109375
1894,1386,1343.875,4.095792770385742
1895,1399,1342.0,3.0298233032226562
1896,1408,1359.0,4.464149475097656
1897,1419,1347.5,2.9931068420410156
1898,1430,1365.125,3.0434131622314453
1899,1416,1368.875,3.023386001586914
1900,1419,1377.25,2.549886703491211
1901,1435,1347.125,3.992795944213867
1902,1431,1363.625,3.5457611083984375
1903,1433,1384.375,2.9938220977783203
1904,1433,1380.0,3.019094467163086
1905,1450,1371.875,4.194498062133789
1906,1438,1372.625,3.0167102813720703
1907,1449,1369.875,2.5482177734375
1908,1429,1367.125,3.9892196655273438
1909,1431,1382.25,4.566669464111328
1910,1435,1373.0,3.0188560485839844
1911,1429,1380.0,3.0181407928466797
1912,1429,1346.0,3.1027793884277344
1913,1411,1344.125,2.9973983764648438
1914,1415,1343.125,2.538442611694336
1915,1386,1344.625,4.02069091796875
1916,1413,1345.0,2.553224563598633
1917,1416,1363.25,4.420280456542969
1918,1427,1363.625,3.0269622802734375
1919,1424,1353.875,3.065347671508789
1920,1441,1360.875,2.9952526092529297
1921,1418,1358.125,4.518747329711914
1922,1408,1365.25,3.016233444213867
1923,1411,1345.25,2.6369094848632812
1924,1427,1393.75,3.997802734375
1925,1427,1363.375,3.5643577575683594
1926,1396,1356.125,3.0264854431152344
1927,1448,1353.875,3.0281543731689453
1928,1425,1355.5,3.993988037109375
1929,1427,1365.0,4.02379035949707
1930,1416,1348.625,2.076864242553711
1931,1422,1353.125,3.0252933502197266
1932,1433,1359.375,3.5736560821533203
1933,1396,1340.875,3.0231475830078125
1934,1428,1383.0,2.9942989349365234
1935,1443,1371.25,3.991365432739258
1936,1412,1365.375,3.6182403564453125
1937,1435,1366.0,3.084421157836914
1938,1430,1364.875,3.029346466064453
1939,1414,1359.25,4.630804061889648
1940,1439,1400.25,3.0269622802734375
1941,1420,1368.625,3.6575794219970703
1942,1448,1382.0,3.0231475830078125
1943,1433,1392.5,3.5092830657958984
1944,1417,1377.75,2.0246505737304688
1945,1440,1385.25,2.992868423461914
1946,1412,1357.0,3.0205249786376953
1947,1399,1348.875,2.9916763305664062
1948,1442,1379.625,3.6690235137939453
1949,1424,1337.625,2.9926300048828125
1950,1435,1361.625,3.0159950256347656
1951,1432,1362.0,3.988027572631836
1952,1442,1363.25,3.024578094482422
1953,1435,1353.25,3.018617630004883
1954,1412,1349.375,3.9916038513183594
1955,1399,1321.0,3.487825393676758
1956,1412,1372.125,4.02069091796875
1957,1436,1358.375,3.537416458129883
1958,1418,1355.375,4.803657531738281
1959,1438,1371.375,3.317117691040039
1960,1450,1369.5,3.169536590576172
1961,1432,1352.875,2.625703811645508
1962,1442,1351.25,4.019975662231445
1963,1412,1377.125,3.022909164428711
1964,1418,1360.875,3.4492015838623047
1965,1423,1376.375,4.043102264404297
1966,1424,1384.25,4.168033599853516
1967,1450,1371.375,3.0236244201660156
1968,1438,1320.875,3.1065940856933594
1969,1392,1343.75,3.992319107055664
1970,1411,1380.75,3.6373138427734375
1971,1428,1375.25,3.014087677001953
1972,1426,1378.25,2.021312713623047
1973,1383,1338.0,4.334688186645508
1974,1431,1366.75,4.017353057861328
1975,1420,1371.5,2.8886795043945312
1976,1391,1360.0,2.991914749145508
1977,1422,1370.875,3.3349990844726562
1978,1425,1350.125,3.023386001586914
1979,1429,1363.625,2.633810043334961
1980,1430,1346.25,3.991842269897461
1981,1435,1358.75,2.6788711547851562
1982,1446,1374.375,4.116058349609375
1983,1440,1363.0,3.026723861694336
1984,1432,1374.25,4.176139831542969
1985,1413,1349.875,3.0286312103271484
1986,1391,1333.0,3.5429000854492188
1987,1448,1370.625,3.9887428283691406
1988,1419,1382.0,4.36711311340332
1989,1397,1337.125,3.0236244201660156
1990,1420,1382.5,3.499746322631836
1991,1439,1374.625,4.355192184448242
1992,1429,1355.625,4.0149688720703125
1993,1436,1373.125,3.4101009368896484
1994,1413,1361.75,4.024028778076172
1995,1425,1363.0,4.477739334106445
1996,1445,1335.0,3.022432327270508
1997,1427,1352.125,3.50189208984375
1998,1373,1338.875,3.0264854431152344
1999,1407,1336.75,4.495143890380859
2000,1435,1360.75,3.025054931640625
2001,1378,1308.625,4.020452499389648
2002,1392,1326.5,3.992795944213867
2003,1422,1366.125,2.5634765625
2004,1426,1341.5,3.025531768798828
2005,1420,1376.125,4.021644592285156
2006,1411,1346.625,4.024982452392578
2007,1434,1377.625,3.022432327270508
2008,1405,1355.5,3.1938552856445312
2009,1401,1361.25,4.019260406494141
2010,1399,1347.25,4.511117935180664
2011,1436,1381.625,2.991914749145508
2012,1377,1321.125,2.031087875366211
2013,1397,1353.875,3.0145645141601562
2014,1450,1382.75,2.9916763305664062
2015,1446,1357.25,3.5974979400634766
2016,1435,1363.875,3.023386001586914
2017,1419,1355.375,3.5233497619628906
2018,1416,1345.375,3.023386001586914
2019,1432,1375.875,3.988027572631836
2020,1408,1340.375,3.710508346557617
2021,1383,1336.875,3.998279571533203
2022,1424,1352.5,3.4835338592529297
2023,1416,1358.375,3.023386001586914
2024,1424,1366.5,3.6377906799316406
2025,1385,1342.75,4.020214080810547
2026,1431,1385.875,3.675222396850586
2027,1436,1348.5,2.992391586303711
2028,1387,1341.75,3.026247024536133
2029,1445,1363.5,4.1866302490234375
2030,1420,1373.375,3.0236244201660156
2031,1421,1346.25,3.0586719512939453
2032,1446,1393.125,2.991199493408203
2033,1394,1358.625,4.476785659790039
2034,1423,1369.5,3.026247024536133
2035,1428,1380.875,2.637147903442383
2036,1414,1345.375,5.13148307800293
2037,1412,1363.125,2.9942989349365234
2038,1419,1396.25,3.400087356567383
2039,1440,1361.125,3.0181407928466797
2040,1431,1355.0,3.9911270141601562
2041,1446,1361.125,4.02379035949707
2042,1445,1382.125,3.6132335662841797
2043,1448,1373.875,3.0264854431152344
2044,1441,1352.125,3.541231155395508
2045,1438,1377.125,4.017829895019531
2046,1422,1364.75,3.026723861694336
2047,1433,1343.25,4.438638687133789
2048,1414,1359.75,2.5739669799804688
2049,1383,1339.625,3.4666061401367188
2050,1428,1359.0,3.991842269897461
2051,1444,1377.625,4.500150680541992
2052,1425,1382.25,3.0231475830078125
2053,1412,1373.75,3.6509037017822266
2054,1435,1379.25,3.0241012573242188
2055,1411,1350.375,3.5462379455566406
2056,1420,1338.375,3.0183792114257812
2057,1439,1384.5,3.0286312103271484
2058,1417,1375.75,2.994060516357422
2059,1403,1354.0,4.012823104858398
2060,1390,1352.875,3.2224655151367188
2061,1436,1363.375,3.0164718627929688
2062,1426,1363.125,3.7078857421875
2063,1446,1377.875,3.019571304321289
2064,1388,1357.875,3.534078598022461
2065,1444,1391.125,4.024267196655273
2066,1413,1365.0,4.583597183227539
2067,1402,1355.375,3.0617713928222656
2068,1406,1337.0,3.0155181884765625
2069,1419,1364.375,3.507852554321289
2070,1448,1363.5,4.189491271972656
2071,1446,1342.25,2.9227733612060547
2072,1442,1386.0,3.0269622802734375
2073,1427,1344.625,3.518342971801758
2074,1403,1353.5,3.0226707458496094
2075,1443,1369.875,36.08345985412598
2076,1425,1367.0,2.991199493408203
2077,1430,1348.375,8.496284484863281
2078,1441,1361.25,4.518032073974609
2079,1438,1361.875,2.9947757720947266
2080,1426,1349.25,3.59344482421875
2081,1426,1365.0,2.9921531677246094
2082,1416,1369.25,3.6406517028808594
2083,1448,1364.25,3.9980411529541016
2084,1438,1368.0,3.160238265991211
2085,1414,1364.875,2.5033950805664062
2086,1450,1381.875,3.030061721801758
2087,1401,1335.375,4.498004913330078
2088,1425,1360.75,3.0252933502197266
2089,1416,1371.75,3.5715103149414062
2090,1422,1352.25,3.0164718627929688
2091,1404,1343.125,4.592180252075195
2092,1443,1366.25,3.017902374267578
2093,1428,1377.25,1.997232437133789
2094,1418,1364.875,2.995014190673828
2095,1381,1348.625,4.020929336547852
2096,1428,1378.875,3.0241012573242188
2097,1440,1403.0,3.016233444213867
2098,1404,1344.75,2.547025680541992
2099,1429,1376.125,3.008604049682617
2100,1438,1366.5,2.993345260620117
2101,1439,1389.625,4.012584686279297
2102,1410,1348.375,2.9993057250976562
2103,1421,1350.625,4.021406173706055
2104,1425,1366.75,3.023862838745117
2105,1448,1379.5,2.5992393493652344
2106,1427,1377.25,5.012273788452148
2107,1409,1347.875,3.2672882080078125
2108,1429,1362.5,3.143310546875
2109,1439,1392.0,2.992391586303711
2110,1441,1344.5,3.0050277709960938
2111,1444,1348.625,3.601551055908203
2112,1367,1311.5,3.0164718627929688
2113,1450,1380.5,3.999948501586914
2114,1450,1357.625,3.2050609588623047
2115,1450,1354.375,3.0155181884765625
2116,1431,1356.125,3.5715103149414062
2117,1445,1352.0,5.7392120361328125
2118,1418,1343.125,3.676891326904297
2119,1431,1336.375,3.1321048736572266
2120,1410,1368.625,2.507448196411133
2121,1421,1348.125,4.396677017211914
2122,1433,1379.5,3.0150413513183594
2123,1444,1380.375,3.0198097229003906
2124,1450,1374.0,3.9649009704589844
2125,1428,1379.5,3.551483154296875
2126,1414,1346.75,3.988027572631836
2127,1403,1351.125,1.9948482513427734
2128,1442,1344.625,4.991292953491211
2129,1425,1372.0,3.677845001220703
2130,1416,1349.25,3.1633377075195312
2131,1401,1349.0,3.9894580841064453
2132,1428,1363.125,4.129886627197266
2133,1431,1384.625,3.0269622802734375
2134,1399,1352.125,3.657102584838867
2135,1397,1340.5,3.0171871185302734
2136,1405,1340.5,4.594326019287109
2137,1398,1351.5,3.016233444213867
2138,1426,1375.875,2.563953399658203
2139,1450,1366.25,2.995014190673828
2140,1432,1360.375,3.5636425018310547
2141,1431,1382.125,2.9938220977783203
2142,1438,1362.0,3.019094467163086
2143,1380,1331.375,4.570960998535156
2144,1428,1358.75,3.0286312103271484
2145,1419,1369.375,2.6276111602783203
2146,1449,1371.75,3.0198097229003906
2147,1434,1335.625,4.544496536254883
2148,1420,1331.875,3.017902374267578
2149,1436,1358.0,3.0188560485839844
2150,1435,1351.875,3.002643585205078
2151,1392,1363.0,3.022432327270508
2152,1404,1350.0,3.6530494689941406
2153,1430,1374.5,3.018617630004883
2154,1423,1342.25,3.5562515258789062
2155,1426,1351.375,3.0329227447509766
2156,1421,1341.375,3.6230087280273438
2157,1437,1342.125,3.298521041870117
2158,1391,1354.0,2.99835205078125
2159,1422,1378.125,3.567218780517578
2160,1398,1366.0,5.498170852661133
2161,1417,1353.0,8.978843688964844
2162,1435,1345.375,6.988763809204102
2163,1429,1348.875,7.521629333496094
2164,1424,1368.125,3.5598278045654297
2165,1415,1358.25,8.716821670532227
2166,1435,1353.875,3.0281543731689453
2167,1450,1381.375,4.021644592285156
2168,1392,1355.25,4.108428955078125
2169,1428,1376.5,3.256082534790039
2170,1427,1339.0,3.7660598754882812
2171,1416,1334.0,3.0269622802734375
2172,1436,1384.125,3.5448074340820312
2173,1424,1356.5,4.009246826171875
2174,1401,1351.375,2.602100372314453
2175,1425,1365.5,3.016233444213867
2176,1401,1326.25,4.49371337890625
2177,1381,1333.5,2.993345260620117
2178,1436,1363.75,2.992391586303711
2179,1420,1370.5,3.423452377319336
2180,1397,1354.5,4.0225982666015625
2181,1421,1366.25,2.5110244750976562
2182,1433,1393.75,3.02886962890625
2183,1427,1341.0,3.5009384155273438
2184,1427,1381.0,4.023551940917969
2185,1398,1361.25,2.619504928588867
2186,1441,1353.0,3.0252933502197266
2187,1402,1350.5,2.9964447021484375
2188,1407,1361.375,4.020929336547852
2189,1434,1391.0,3.022909164428711
2190,1431,1358.625,3.506183624267578
2191,1427,1359.125,4.021883010864258
2192,1443,1383.625,3.253936767578125
2193,1426,1359.75,3.027677536010742
2194,1439,1342.5,4.567146301269531
2195,1442,1350.5,4.020452499389648
2196,1446,1377.25,3.3659934997558594
2197,1422,1379.5,3.026723861694336
2198,1440,1366.125,3.606081008911133
2199,1440,1369.875,3.026247024536133
2200,1445,1349.875,3.0181407928466797
2201,1425,1382.0,3.6106109619140625
2202,1396,1357.0,5.018472671508789
2203,1365,1333.75,4.787206649780273
2204,1408,1356.625,3.020763397216797
2205,1427,1391.5,3.4987926483154297
2206,1440,1374.125,4.022836685180664
2207,1420,1364.375,2.6335716247558594
2208,1374,1343.125,4.022836685180664
2209,1375,1335.5,3.9920806884765625
2210,1423,1378.875,4.446983337402344
2211,1439,1367.375,3.0303001403808594
2212,1450,1341.875,3.5936832427978516
2213,1429,1372.625,4.022359848022461
2214,1431,1379.625,3.5202503204345703
2215,1401,1348.875,2.9916763305664062
2216,1440,1355.0,3.5352706909179688
2217,1444,1353.5,3.0181407928466797
2218,1402,1356.625,3.021717071533203
2219,1436,1377.625,3.0281543731689453
2220,1405,1355.625,3.995180130004883
2221,1435,1347.0,3.0236244201660156
2222,1413,1360.5,3.0231475830078125
2223,1427,1336.75,2.5625228881835938
2224,1410,1327.875,5.985498428344727
2225,1401,1346.75,2.5832653045654297
2226,1399,1338.875,3.021717071533203
2227,1429,1355.0,4.49824333190918
2228,1445,1390.0,3.991365432739258
2229,1426,1376.75,3.0281543731689453
2230,1378,1339.625,3.02886962890625
2231,1430,1341.625,3.990650177001953
2232,1433,1364.875,3.0732154846191406
2233,1418,1360.375,2.994537353515625
2234,1396,1339.625,3.634214401245117
2235,1409,1367.375,4.022121429443359
2236,1425,1373.75,4.178762435913086
2237,1429,1352.125,3.01361083984375
2238,1397,1344.125,3.0159950256347656
2239,1444,1359.625,3.4813880920410156
2240,1417,1363.375,4.012823104858398
2241,1440,1357.25,3.6115646362304688
2242,1431,1372.125,3.0128955841064453
2243,1435,1381.625,4.056692123413086
2244,1448,1363.875,3.0214786529541016
2245,1369,1335.125,3.6437511444091797
2246,1423,1374.75,2.994537353515625
2247,1399,1361.25,3.019571304321289
2248,1431,1370.25,3.3698081970214844
2249,1428,1361.5,3.0181407928466797
2250,1441,1368.375,3.940105438232422
2251,1388,1341.875,3.030538558959961
2252,1435,1359.0,2.531766891479492
2253,1424,1370.125,3.980875015258789
2254,1412,1344.5,3.6253929138183594
2255,1420,1337.125,3.0269622802734375
2256,1416,1347.75,2.9942989349365234
2257,1437,1376.25,3.559112548828125
2258,1413,1353.5,4.020929336547852
2259,1416,1376.375,3.5834312438964844
2260,1434,1389.5,3.647327423095703
2261,1432,1359.125,3.6034584045410156
2262,1391,1341.625,3.9861202239990234
2263,1404,1341.75,4.951238632202148
2264,1427,1371.0,4.991769790649414
2265,1423,1352.375,3.0431747436523438
2266,1384,1336.375,4.015684127807617
2267,1423,1375.75,3.2863616943359375
2268,1420,1365.625,4.013776779174805
2269,1421,1365.625,3.5965442657470703
2270,1409,1362.375,2.994537353515625
2271,1395,1331.375,2.0182132720947266
2272,1443,1383.125,4.044532775878906
2273,1428,1355.5,3.0198097229003906
2274,1441,1400.0,2.5784969329833984
2275,1398,1331.125,2.9947757720947266
2276,1450,1380.5,3.612995147705078
2277,1431,1351.125,3.0231475830078125
2278,1416,1357.125,3.0260086059570312
2279,1378,1332.625,4.992485046386719
2280,1379,1325.875,3.1769275665283203
2281,1425,1340.25,3.1881332397460938
2282,1401,1365.25,3.0264854431152344
2283,1440,1376.75,3.501415252685547
2284,1389,1350.125,4.02379035949707
2285,1393,1356.25,2.5157928466796875
2286,1396,1354.875,4.022836685180664
2287,1403,1363.0,4.526853561401367
2288,1380,1350.875,3.025531768798828
2289,1400,1342.125,3.0205249786376953
2290,1428,1354.75,3.620624542236328
2291,1440,1361.75,3.0219554901123047
2292,1444,1364.0,4.12297248840332
2293,1395,1352.5,4.015445709228516
2294,1415,1339.75,4.522562026977539
2295,1410,1343.25,3.0126571655273438
2296,1441,1358.25,2.9909610748291016
2297,1446,1371.875,3.4766197204589844
2298,1434,1361.375,3.0078887939453125
2299,1387,1321.0,4.024028778076172
2300,1419,1368.875,3.026723861694336
2301,1429,1371.5,4.0569305419921875
2302,1438,1336.875,4.021406173706055
2303,1414,1347.125,3.7169456481933594
2304,1442,1373.75,3.0231475830078125
2305,1431,1383.125,3.5905838012695312
2306,1396,1355.125,4.0225982666015625
2307,1416,1327.0,3.023386001586914
2308,1416,1348.0,2.928018569946289
2309,1442,1381.375,4.075527191162109
2310,1356,1323.5,3.1833648681640625
2311,1401,1349.5,3.0159950256347656
2312,1427,1335.625,3.5371780395507812
2313,1436,1367.125,4.014730453491211
2314,1433,1363.25,3.1976699829101562
2315,1380,1328.5,3.023862838745117
2316,1396,1337.5,3.5376548767089844
2317,1406,1355.5,3.4332275390625
2318,1434,1390.125,3.0236244201660156
2319,1410,1343.125,3.030061721801758
2320,1426,1349.75,3.9920806884765625
2321,1427,1360.875,4.639625549316406
2322,1434,1379.5,3.9873123168945312
2323,1420,1365.375,3.618478775024414
2324,1414,1378.625,2.9921531677246094
2325,1416,1359.625,3.626108169555664
2326,1419,1367.625,3.016233444213867
2327,1444,1366.875,3.0164718627929688
2328,1434,1361.375,5.017757415771484
2329,1418,1355.625,3.0226707458496094
2330,1401,1346.625,3.5865306854248047
2331,1412,1358.875,3.9572715759277344
2332,1413,1372.0,3.5507678985595703
2333,1410,1355.125,3.9894580841064453
2334,1429,1350.5,3.0128955841064453
2335,1442,1363.625,3.9932727813720703
2336,1441,1347.5,3.5021305084228516
2337,1419,1364.25,4.059076309204102
2338,1415,1355.5,3.029346466064453
2339,1450,1367.125,4.2362213134765625
2340,1431,1361.75,3.017902374267578
2341,1433,1373.625,2.5496482849121094
2342,1428,1369.75,3.99017333984375
2343,1432,1359.25,3.628253936767578
2344,1428,1359.75,3.0126571655273438
2345,1412,1359.5,3.5059452056884766
2346,1454,1380.5,4.324197769165039
2347,1389,1354.125,3.092527389526367
2348,1444,1369.875,3.070831298828125
2349,1444,1395.75,3.0181407928466797
2350,1407,1350.875,4.989147186279297
2351,1440,1367.25,3.9882659912109375
2352,1393,1338.125,4.5719146728515625
2353,1450,1402.0,2.994537353515625
2354,1432,1363.25,3.5915374755859375
2355,1446,1376.625,3.0143260955810547
2356,1443,1368.5,2.5479793548583984
2357,1431,1379.375,3.9932727813720703
2358,1421,1352.625,3.612995147705078
2359,1405,1319.875,3.020763397216797
2360,1416,1368.875,3.026723861694336
2361,1445,1371.375,4.513740539550781
2362,1421,1372.75,4.016399383544922
2363,1434,1384.0,2.6140213012695312
2364,1436,1364.5,3.0813217163085938
2365,1418,1379.25,4.014015197753906
2366,1418,1353.625,3.4835338592529297
2367,1395,1362.125,3.018617630004883
2368,1408,1354.125,4.570245742797852
2369,1434,1353.0,2.992391586303711
2370,1431,1377.0,3.065347671508789
2371,1427,1360.125,3.0264854431152344
2372,1407,1346.875,3.4945011138916016
2373,1444,1359.75,4.017353057861328
2374,1431,1364.375,3.5915374755859375
2375,1433,1373.75,3.0241012573242188
2376,1421,1349.0,3.560781478881836
2377,1392,1352.375,3.2510757446289062
2378,1421,1351.375,3.0183792114257812
2379,1400,1362.375,3.6034584045410156
2380,1430,1362.25,5.017995834350586
2381,1434,1383.0,3.1659603118896484
2382,1418,1330.625,2.991914749145508
2383,1413,1347.125,2.996683120727539
2384,1450,1388.5,3.022909164428711
2385,1380,1339.375,3.5028457641601562
2386,1422,1376.25,3.030538558959961
2387,1437,1385.5,3.9925575256347656
2388,1431,1374.75,2.5675296783447266
2389,1406,1347.125,3.027200698852539
2390,1427,1391.5,2.5649070739746094
2391,1429,1341.25,3.994464874267578
2392,1450,1357.125,3.009319305419922
2393,1438,1378.25,4.023551940917969
2394,1430,1346.125,3.9873123168945312
2395,1434,1368.625,3.2613277435302734
2396,1410,1354.0,2.9942989349365234
2397,1439,1395.75,3.592967987060547
2398,1458,1393.375,3.988981246948242
